	LH_Vis_1	LH_Vis_2	LH_Vis_3	LH_Vis_4	LH_Vis_5	LH_Vis_6	LH_Vis_7	LH_Vis_8	LH_Vis_9	LH_SomMot_1	LH_SomMot_2	LH_SomMot_3	LH_SomMot_4	LH_SomMot_5	LH_SomMot_6	LH_DorsAttn_Post_1	LH_DorsAttn_Post_2	LH_DorsAttn_Post_3	LH_DorsAttn_Post_4	LH_DorsAttn_Post_5	LH_DorsAttn_Post_6	LH_DorsAttn_PrCv_1	LH_DorsAttn_FEF_1	LH_SalVentAttn_ParOper_1	LH_SalVentAttn_FrOperIns_1	LH_SalVentAttn_FrOperIns_2	LH_SalVentAttn_PFCl_1	LH_SalVentAttn_Med_1	LH_SalVentAttn_Med_2	LH_SalVentAttn_Med_3	LH_Limbic_OFC_1	LH_Limbic_TempPole_1	LH_Limbic_TempPole_2	LH_Cont_Par_1	LH_Cont_PFCl_1	LH_Cont_pCun_1	LH_Cont_Cing_1	LH_Default_Temp_1	LH_Default_Temp_2	LH_Default_Par_1	LH_Default_Par_2	LH_Default_PFC_1	LH_Default_PFC_2	LH_Default_PFC_3	LH_Default_PFC_4	LH_Default_PFC_5	LH_Default_PFC_6	LH_Default_PFC_7	LH_Default_pCunPCC_1	LH_Default_pCunPCC_2	RH_Vis_1	RH_Vis_2	RH_Vis_3	RH_Vis_4	RH_Vis_5	RH_Vis_6	RH_Vis_7	RH_Vis_8	RH_SomMot_1	RH_SomMot_2	RH_SomMot_3	RH_SomMot_4	RH_SomMot_5	RH_SomMot_6	RH_SomMot_7	RH_SomMot_8	RH_DorsAttn_Post_1	RH_DorsAttn_Post_2	RH_DorsAttn_Post_3	RH_DorsAttn_Post_4	RH_DorsAttn_Post_5	RH_DorsAttn_PrCv_1	RH_DorsAttn_FEF_1	RH_SalVentAttn_TempOccPar_1	RH_SalVentAttn_TempOccPar_2	RH_SalVentAttn_FrOperIns_1	RH_SalVentAttn_Med_1	RH_SalVentAttn_Med_2	RH_Limbic_OFC_1	RH_Limbic_TempPole_1	RH_Cont_Par_1	RH_Cont_Par_2	RH_Cont_PFCl_1	RH_Cont_PFCl_2	RH_Cont_PFCl_3	RH_Cont_PFCl_4	RH_Cont_Cing_1	RH_Cont_PFCmp_1	RH_Cont_pCun_1	RH_Default_Par_1	RH_Default_Temp_1	RH_Default_Temp_2	RH_Default_Temp_3	RH_Default_PFCv_1	RH_Default_PFCv_2	RH_Default_PFCdPFCm_1	RH_Default_PFCdPFCm_2	RH_Default_PFCdPFCm_3	RH_Default_pCunPCC_1	RH_Default_pCunPCC_2
LH_Vis_1	1.00000000	0.32182816	0.34766858	0.18738742	0.30569039	0.30875030	0.28772048	0.30239217	0.29723683	0.16575323	0.17511247	0.13724320	0.15141365	0.21123712	0.22250996	0.39464161	0.03175468	0.24886329	0.07955314	0.37548585	0.11296603	0.10459910	0.12903567	0.04276643	0.17642059	0.00575195	0.04305104	0.13394960	0.38337578	0.12450316	0.29151079	0.32858266	0.27861290	0.13700733	0.09635370	0.30366628	0.26725528	0.32418353	0.15010051	0.20032550	0.30207600	0.12027112	0.03685305	0.33875382	0.15207959	0.18511675	0.11843821	0.33245952	0.58399361	0.39161794	0.56401177	0.34863736	0.23600791	0.15293005	0.29080079	0.34502022	0.26890029	0.27018550	0.17270489	0.17320223	0.11800241	0.12123516	0.13552193	0.17137723	0.08431787	0.20633883	0.42942563	0.06082248	0.05001990	0.23983769	0.22076723	0.05510263	0.11169487	0.19316109	-0.05161580	0.00254339	0.32477583	0.07702632	0.09542302	0.27958825	-0.13059432	0.22184320	0.06054585	-0.00391775	-0.00234216	0.11087771	0.27104438	0.10826634	0.32046285	0.21080683	0.25176321	0.33432452	0.13357634	0.17232878	0.03340632	0.35344099	0.17451098	0.29696587	0.56453384	0.41532593
LH_Vis_2	0.32182816	1.00000000	0.67383116	0.63483573	0.65123930	0.56436934	0.42208426	0.66324062	0.56407667	0.31094801	0.23097142	0.24049139	0.16643538	0.36361522	0.40617481	0.53664471	0.01681029	0.41286954	0.13555168	0.34882953	0.28003159	0.15764569	0.24033718	0.11482627	0.17838284	0.14436941	0.13033223	0.19945463	0.36377358	0.27129371	0.32324694	0.32984871	0.26817986	0.22459518	0.15053055	0.29937440	0.19449328	0.37446362	0.28975055	0.27017939	0.25521027	0.25164887	0.21556066	0.27072614	0.25572467	0.22471371	0.16499713	0.12163887	0.35400210	0.26723710	0.37144536	0.72752161	0.50125716	0.53639893	0.58806615	0.54298885	0.61459990	0.61535878	0.30963739	0.22088509	0.23255587	0.13555405	0.34128041	0.33961778	0.30998515	0.37638857	0.42452437	0.09813964	0.19810416	0.39049992	0.39459121	0.21828771	0.26165843	0.31469735	0.15759252	0.14695032	0.42830192	0.27101570	0.28202212	0.37018011	0.02544644	0.26424103	0.28949976	0.23301601	0.19231103	0.27332297	0.26346472	0.18361515	0.41389903	0.21943668	0.31521105	0.33676269	0.28848161	0.26525510	0.22610496	0.30168373	0.24958519	0.21818552	0.33894294	0.28879005
LH_Vis_3	0.34766857	0.67383116	1.00000000	0.43857109	0.65192296	0.73529114	0.44398969	0.70618124	0.69724094	0.30175343	0.24678777	0.23437929	0.18380598	0.35017653	0.34134194	0.42643756	0.03093345	0.40246574	0.14271928	0.33608157	0.31340281	0.11341093	0.22752081	0.15246779	0.21101888	0.19977572	0.09997085	0.17056678	0.35978603	0.26336235	0.23268015	0.28386155	0.14806407	0.13175459	0.09199183	0.36066732	0.13705966	0.28699256	0.20632740	0.23886604	0.11881119	0.20207495	0.14777114	0.17968027	0.16692257	0.08621047	0.02553404	-0.00708881	0.36891447	0.15576195	0.37342548	0.77005744	0.36788735	0.45595251	0.73908177	0.73468725	0.62364201	0.74642658	0.30282674	0.24592036	0.27014804	0.13013308	0.37004056	0.29448280	0.31825363	0.31399724	0.38794486	0.06527257	0.10294283	0.31475342	0.35492758	0.18611407	0.27121065	0.22522464	0.18301220	0.24320517	0.42985089	0.28850026	0.18949815	0.30233634	0.02401364	0.09924391	0.13655274	0.18489742	0.14441411	0.11339856	0.18865074	0.11908300	0.43089619	0.17102739	0.18265255	0.25678510	0.17768273	0.18765705	0.15613175	0.21049173	0.07425111	0.07376418	0.36512428	0.18827475
LH_Vis_4	0.18738742	0.63483571	0.43857109	1.00000000	0.55093142	0.46755806	0.37366010	0.57410980	0.41294738	0.25239688	0.19664819	0.13862954	0.11160615	0.29844103	0.31404448	0.44526501	0.05278196	0.35895042	0.14831467	0.16476630	0.19600889	0.11949371	0.14285063	0.06134805	0.21190723	0.14154712	0.13529346	0.29434071	0.21533943	0.19076413	0.25949573	0.26656430	0.18802533	0.09468413	0.09979372	0.18331905	0.19933746	0.29628215	0.21794988	0.18716551	0.20232012	0.25892078	0.20225044	0.27695460	0.20088804	0.20219058	0.16192783	0.13297253	0.27318201	0.19949106	0.32056143	0.52617264	0.55790337	0.55739954	0.45287548	0.40291182	0.60707157	0.45425982	0.23948608	0.15018974	0.13526270	0.07698668	0.25823625	0.31529820	0.22039329	0.29236215	0.38567105	0.11461244	0.22098921	0.34085449	0.26661515	0.19876913	0.21241543	0.30282159	0.15566300	0.14593164	0.31000440	0.18155303	0.23397147	0.27492166	0.08829862	0.16650278	0.22783548	0.12441748	0.19778183	0.19164815	0.22666626	0.25326033	0.28145560	0.18234888	0.23235191	0.34909683	0.21073046	0.29231661	0.21389909	0.26543011	0.19946976	0.14701744	0.23434794	0.20002538
LH_Vis_5	0.30569040	0.65123930	0.65192295	0.55093140	1.00000000	0.67529082	0.32210318	0.57041871	0.53286399	0.32153124	0.25313516	0.25691238	0.20299467	0.36326388	0.39681060	0.31434846	0.02010204	0.26965114	0.10105174	0.35823995	0.23332592	0.12177218	0.18776533	0.18156111	0.20956165	0.13993054	0.17480782	0.20712095	0.32154709	0.25191593	0.25178693	0.30691023	0.21547631	0.14425777	0.14949572	0.28078754	0.17116873	0.33823616	0.24423083	0.28640895	0.20966545	0.24409141	0.14255301	0.26399228	0.23567193	0.20932274	0.16529291	0.10190257	0.41421733	0.25082803	0.31588329	0.59145711	0.34211532	0.51646617	0.73734611	0.60497760	0.48861666	0.60941163	0.30979700	0.22423085	0.23482912	0.15261897	0.33659494	0.33872037	0.25283842	0.38290822	0.34589318	0.03716978	0.09672379	0.23257604	0.31467589	0.13288263	0.24051575	0.24079206	0.16976554	0.16143743	0.40076324	0.25273154	0.22128495	0.31052929	0.02611396	0.20843591	0.22826001	0.20125902	0.20374345	0.18810686	0.25152165	0.17211622	0.41197846	0.18729562	0.27482875	0.32335322	0.23189853	0.23504887	0.15663983	0.27479291	0.22095861	0.21068137	0.37676051	0.28058383
LH_Vis_6	0.30875031	0.56436935	0.73529113	0.46755806	0.67529081	1.00000000	0.51382005	0.63629893	0.76582732	0.31951463	0.22904188	0.27231193	0.27186895	0.34741791	0.31538105	0.32293430	0.08366603	0.32282772	0.12412603	0.36959815	0.28748072	0.16556260	0.23193613	0.21459049	0.15551316	0.19699458	0.17207800	0.22750230	0.32905632	0.27378930	0.20061292	0.22521358	0.12869188	0.12557126	0.15398087	0.34764166	0.15412001	0.27857868	0.15632112	0.30798301	0.16500020	0.14405796	0.07733225	0.18542645	0.18072108	0.10517314	0.10578400	0.03417823	0.46914193	0.18790148	0.31722838	0.62859546	0.34940411	0.37735728	0.82071912	0.78917379	0.52348602	0.75250060	0.26812192	0.21777417	0.23801011	0.20337485	0.40942971	0.25636090	0.25406450	0.29563800	0.40864726	0.06240856	0.05287974	0.23764025	0.36808181	0.18837876	0.25415982	0.24626089	0.20502323	0.18617483	0.39833034	0.28465813	0.19744903	0.25538034	0.06202484	0.13398110	0.11656945	0.17834921	0.14311605	0.09676899	0.16762774	0.13755269	0.42017586	0.17265968	0.14827441	0.22762932	0.11369862	0.14320308	0.06758837	0.20940189	0.09893525	0.12407321	0.42852864	0.21637151
LH_Vis_7	0.28772049	0.42208427	0.44398971	0.37366011	0.32210318	0.51382005	1.00000000	0.54666837	0.53945969	0.41141252	0.31687158	0.40541511	0.34898937	0.35859511	0.33115649	0.46387239	0.23075152	0.31339636	0.22264831	0.34888386	0.29699335	0.27361483	0.28440370	0.33963381	0.23133725	0.21493700	0.15414175	0.29441265	0.35521726	0.33754928	0.26920981	0.31235033	0.19802352	0.16345935	0.19061949	0.26265141	0.17678957	0.31571313	0.22334031	0.47429336	0.25087675	0.17598667	0.21726087	0.24909689	0.21053880	0.24551934	0.16181560	0.16273898	0.37554945	0.22403468	0.35808999	0.45903608	0.42871731	0.24201704	0.44296609	0.45201264	0.47439640	0.50611673	0.36323613	0.34183503	0.31816328	0.30371440	0.37237986	0.30038907	0.26928240	0.31159364	0.58130573	0.19776630	0.05082051	0.21958054	0.29920396	0.22084212	0.25917545	0.39612944	0.29108709	0.17938118	0.32170960	0.28965042	0.18846998	0.28957192	0.03576432	0.12583903	0.11749598	0.11262970	0.09165201	0.12824178	0.13637420	0.18803739	0.28993735	0.26209191	0.16390056	0.31544432	0.20166270	0.18902766	0.14515321	0.22778012	0.23703947	0.16688955	0.34069909	0.22801215
LH_Vis_8	0.30239217	0.66324060	0.70618123	0.57410981	0.57041870	0.63629892	0.54666839	1.00000000	0.71368151	0.25100471	0.21800484	0.13123877	0.21540865	0.30580137	0.30452920	0.45745838	0.03178396	0.48446802	0.14902901	0.28629058	0.25816444	0.13049862	0.17786727	0.08885733	0.17267433	0.12349145	0.05000738	0.17324621	0.37750200	0.18657562	0.24561156	0.26650249	0.13643322	0.07934089	0.05668410	0.31668868	0.12985259	0.27256595	0.17263603	0.20720359	0.12440855	0.19463101	0.11932451	0.18416096	0.19002226	0.10001012	0.07821957	0.01070424	0.32555691	0.17379810	0.35254431	0.73523908	0.49679291	0.43971795	0.61398385	0.62896966	0.80432305	0.77830336	0.24163986	0.17793091	0.13774756	0.15497250	0.33453300	0.26976223	0.31797426	0.27402871	0.47626000	0.10164160	0.14063696	0.41349175	0.35735971	0.21945286	0.25530357	0.26825629	0.17065371	0.12486389	0.41226665	0.23153961	0.20243155	0.34518640	0.06542101	0.10090434	0.14603425	0.13565371	0.12353461	0.18735619	0.16342259	0.13692006	0.41883087	0.18181444	0.16540021	0.30589049	0.15509344	0.20548400	0.15588279	0.22807579	0.12792373	0.10948239	0.34499206	0.20215125
LH_Vis_9	0.29723684	0.56407667	0.69724091	0.41294737	0.53286397	0.76582733	0.53945970	0.71368152	1.00000000	0.25136891	0.18556887	0.23001472	0.25544062	0.35563955	0.27034515	0.32059914	0.03786377	0.37800895	0.10556965	0.36829874	0.24700918	0.06340064	0.19035628	0.20332454	0.13128687	0.16318424	0.14172402	0.22404558	0.43468183	0.24532869	0.22498309	0.24552013	0.11068841	0.14840738	0.06192923	0.56628794	0.26838377	0.25395624	0.14939370	0.23309745	0.19806156	0.13386800	0.03613894	0.16871683	0.18746439	0.07380855	0.05927225	0.02632094	0.42799163	0.25220243	0.29243263	0.62710844	0.32518974	0.32245680	0.69059608	0.73571672	0.56866213	0.81257971	0.24410138	0.20767375	0.23776293	0.19662169	0.39942901	0.26658084	0.28333648	0.25590388	0.40011367	0.06506021	0.07309632	0.32392239	0.36830432	0.14140729	0.25611213	0.21727575	0.21171919	0.19005315	0.46057672	0.32153947	0.25143124	0.25759566	0.09518538	0.15084403	0.12459405	0.15683418	0.13513963	0.10661390	0.27268344	0.12197699	0.56456194	0.21585196	0.11532495	0.22368842	0.09795977	0.14803324	0.09072287	0.20440862	0.05106254	0.08714900	0.42913731	0.27788102
LH_SomMot_1	0.16575323	0.31094802	0.30175343	0.25239688	0.32153124	0.31951462	0.41141252	0.25100472	0.25136890	1.00000000	0.66282871	0.71652660	0.49879812	0.54680045	0.51780398	0.31244154	0.30029500	0.15473839	0.21601923	0.24415495	0.35202378	0.34228616	0.26965214	0.48536709	0.51722325	0.44387073	0.20292967	0.30941722	0.28295451	0.43527036	0.28723777	0.28126974	0.20379927	0.23862654	0.23932475	0.10038345	0.09177525	0.27631185	0.36210735	0.55931148	0.12499355	0.30073675	0.32503059	0.11125050	0.15422256	0.18985592	0.20064367	0.06846095	0.17808397	0.05289942	0.20306568	0.28715750	0.24698020	0.28820490	0.28067939	0.30587432	0.18728152	0.21575578	0.78702123	0.63782434	0.64115512	0.49264665	0.51009563	0.51475611	0.28221539	0.48389129	0.31160080	0.30138969	0.21034520	0.12889372	0.30263438	0.39208768	0.29308907	0.51898347	0.53013381	0.51739794	0.30817050	0.40514250	0.29954326	0.22964475	0.15709286	0.11777808	0.21491112	0.28001474	0.23223224	0.24113200	0.13239121	0.26093540	0.11451259	0.14827714	0.22932410	0.31882619	0.42585633	0.23856957	0.33629369	0.14096802	0.21989638	0.12199491	0.16902748	0.08351392
LH_SomMot_2	0.17511247	0.23097142	0.24678777	0.19664819	0.25313516	0.22904187	0.31687158	0.21800483	0.18556887	0.66282869	1.00000000	0.65680550	0.48915454	0.55259036	0.50912443	0.25924482	0.31523066	0.11969636	0.22734215	0.12625535	0.35452194	0.23787585	0.24647490	0.37151305	0.45077918	0.33250468	0.13182310	0.24042026	0.23110611	0.34175024	0.34578473	0.34526810	0.18076919	0.16781429	0.12848358	0.07954960	0.14593999	0.27387261	0.27171227	0.40215228	0.17152806	0.25776576	0.27071287	0.16999935	0.14443382	0.21423737	0.18014212	0.07009955	0.16559034	0.08535701	0.19701581	0.26263627	0.23244414	0.23147744	0.22728323	0.25543206	0.15622689	0.14930434	0.60116642	0.68188637	0.59085986	0.47241514	0.47805603	0.46025844	0.29198381	0.48514430	0.24410331	0.31463431	0.11004468	0.08050566	0.25205128	0.21871871	0.23112401	0.34517340	0.50421105	0.41460005	0.28122467	0.36131065	0.30133856	0.30330857	0.05294448	0.07762516	0.12557003	0.16446631	0.08215109	0.08271332	0.16146203	0.18261965	0.03272866	0.08864032	0.17076622	0.28259137	0.27664187	0.17828255	0.19372552	0.15014762	0.19687576	0.04419793	0.12395979	0.08240681
LH_SomMot_3	0.13724320	0.24049138	0.23437929	0.13862954	0.25691238	0.27231194	0.40541511	0.13123878	0.23001472	0.71652661	0.65680550	1.00000000	0.55972565	0.52644986	0.49298048	0.23601842	0.42872727	0.07422585	0.24838698	0.25034509	0.38962245	0.37972927	0.35109019	0.57107334	0.52219375	0.53568154	0.24371135	0.31460084	0.29381379	0.52556224	0.22543386	0.27089700	0.16422946	0.21298762	0.23760847	0.11079106	0.05411858	0.24055356	0.23138608	0.46909436	0.10741375	0.17425408	0.23645735	0.07549702	0.17138956	0.17784864	0.17679608	0.08050475	0.17391948	0.03299028	0.17824050	0.20539026	0.15314919	0.18276034	0.24153565	0.25249771	0.04636664	0.15727087	0.64399164	0.70779364	0.78406759	0.55455603	0.50314606	0.48063709	0.26550146	0.46540227	0.26463807	0.34535868	0.09588320	0.00486748	0.33246466	0.33900976	0.31759647	0.38020342	0.63842809	0.57020503	0.31318768	0.51803451	0.24819169	0.13748200	0.08340116	0.04073650	0.12321019	0.21480213	0.17637373	0.07810762	0.06261638	0.17880974	0.08539290	0.09327333	0.10535701	0.18547398	0.24264832	0.08261852	0.18104516	0.06601835	0.17087806	0.05077598	0.14658021	0.01965151
LH_SomMot_4	0.15141365	0.16643538	0.18380598	0.11160615	0.20299467	0.27186897	0.34898937	0.21540865	0.25544061	0.49879811	0.48915453	0.55972566	1.00000000	0.53626135	0.39084156	0.14066616	0.28777392	0.08243152	0.16488355	0.14481968	0.26310426	0.20780163	0.21181174	0.28574231	0.25563002	0.21744638	0.11340754	0.05693828	0.22629652	0.34287774	0.17115357	0.23348963	0.14552526	0.12486692	0.17599338	0.07217927	-0.03462278	0.19186695	0.17626927	0.38293411	0.19041229	0.12826837	0.17278520	0.05955683	0.16803924	0.12780760	0.20087077	0.08913105	0.21814145	0.07921689	0.19594518	0.19304717	0.15244543	0.12722985	0.23224897	0.31742989	0.18673686	0.22023400	0.47898945	0.50268335	0.52304065	0.83248316	0.57184161	0.43014940	0.28307510	0.41000278	0.27850336	0.30511836	0.05064770	0.06707329	0.24139108	0.24912208	0.26016964	0.34410690	0.34738774	0.23590650	0.18082119	0.29655844	0.22373435	0.20819167	0.03406520	0.11186419	0.11565698	0.14008365	0.01083351	0.09689745	-0.02421580	-0.06272735	0.05287502	0.14132683	0.12060460	0.22932463	0.18739834	0.03819481	0.03558971	0.06617600	0.11678926	0.08597840	0.20786473	0.05949560
LH_SomMot_5	0.21123712	0.36361523	0.35017653	0.29844103	0.36326388	0.34741790	0.35859510	0.30580137	0.35563955	0.54680046	0.55259038	0.52644986	0.53626133	1.00000000	0.66925104	0.33814162	0.30601517	0.25451349	0.40122155	0.23405567	0.44280653	0.17868780	0.33450577	0.24860983	0.28751932	0.17645239	0.12498966	0.12955298	0.33607993	0.41317457	0.33499361	0.38263199	0.25290217	0.22992588	0.10547864	0.15688698	0.10236245	0.37877307	0.30830094	0.36811820	0.24528210	0.24935405	0.30562865	0.22556704	0.22518043	0.23065646	0.18142289	0.12273108	0.24946294	0.16234965	0.23685095	0.32941428	0.34973489	0.28924347	0.31706002	0.39911521	0.25879812	0.33307253	0.54796617	0.50326097	0.49601640	0.48628723	0.54806178	0.66731388	0.43709109	0.64385412	0.28530597	0.36219352	0.19589264	0.23193868	0.35289289	0.19668599	0.35894058	0.30715879	0.30027669	0.25530304	0.32790763	0.28221463	0.33195163	0.30064322	0.00102426	0.18984497	0.24700887	0.19624865	0.11180619	0.13730552	0.16297487	0.10569741	0.14606612	0.11298623	0.28630976	0.35924280	0.33686337	0.18133546	0.15058214	0.24578329	0.22503231	0.13777797	0.20769361	0.16340493
LH_SomMot_6	0.22250996	0.40617483	0.34134194	0.31404448	0.39681060	0.31538105	0.33115650	0.30452920	0.27034515	0.51780397	0.50912443	0.49298048	0.39084157	0.66925102	1.00000000	0.38910173	0.22754496	0.24518248	0.28466188	0.27780156	0.49816495	0.21096652	0.34679984	0.26393260	0.33233339	0.21789230	0.22294831	0.17006793	0.41106170	0.42547884	0.41132346	0.41166131	0.37679089	0.26569897	0.14477111	0.11101574	0.16795405	0.44527213	0.40633169	0.38413506	0.30726048	0.30847316	0.38767090	0.31111963	0.29983088	0.34383354	0.30244629	0.22736336	0.25530788	0.23608397	0.24630027	0.32755724	0.35493573	0.31025814	0.31072920	0.34325655	0.25835990	0.29537148	0.49507014	0.48587160	0.43049124	0.39695302	0.45666001	0.62219161	0.42478203	0.81895212	0.32502211	0.29899623	0.20809595	0.19605115	0.41354362	0.15554899	0.30172137	0.34828659	0.27836493	0.23526511	0.44522851	0.30660596	0.36258486	0.33821288	-0.02631488	0.24308625	0.31342680	0.20416270	0.15148915	0.18736703	0.21146272	0.17161490	0.15013964	0.10270375	0.35634323	0.41249204	0.39340180	0.28869106	0.23292205	0.33756167	0.34905680	0.22346443	0.21377156	0.23072669
LH_DorsAttn_Post_1	0.39464161	0.53664472	0.42643756	0.44526501	0.31434846	0.32293430	0.46387237	0.45745838	0.32059915	0.31244155	0.25924483	0.23601842	0.14066615	0.33814161	0.38910173	1.00000000	0.36259532	0.66281728	0.43502090	0.36972886	0.38183240	0.47652276	0.40095460	0.20525726	0.24565834	0.21207309	0.15721252	0.24946366	0.30888184	0.27263811	0.40338835	0.35153932	0.42226480	0.45069818	0.34367122	0.16913009	0.19093079	0.30789573	0.28747238	0.30800079	0.28065817	0.16818983	0.31493200	0.22229459	0.22132832	0.21583536	0.26722721	0.30914486	0.25963070	0.15813627	0.43578679	0.52638442	0.64332674	0.42118937	0.31534410	0.33627913	0.51544661	0.34700494	0.29457796	0.21779413	0.19867587	0.13728975	0.24548129	0.37054118	0.32262379	0.36512895	0.52407870	0.33662643	0.38715257	0.54827594	0.36958268	0.38446790	0.37856893	0.28749576	0.22707848	0.18355682	0.32237370	0.25025694	0.25363490	0.33535087	0.07701973	0.18861871	0.17511964	0.21554555	0.13943878	0.26403758	0.16769955	0.14708594	0.18009202	0.13838405	0.31185966	0.34296439	0.25560946	0.21826773	0.23739697	0.19617771	0.17445953	0.20899167	0.21789232	0.13027351
LH_DorsAttn_Post_2	0.03175469	0.01681029	0.03093345	0.05278196	0.02010204	0.08366604	0.23075152	0.03178396	0.03786377	0.30029500	0.31523065	0.42872728	0.28777394	0.30601517	0.22754496	0.36259531	1.00000000	0.39385030	0.65994717	0.17640395	0.45659737	0.49358071	0.44861323	0.45504158	0.32801198	0.37948759	0.18872606	0.21831821	0.11424411	0.27938594	0.05160246	0.09551196	0.00135087	0.34146042	0.25692342	-0.05060833	-0.06733057	-0.08271722	-0.05635760	0.11676163	-0.06360325	0.00670262	0.11272675	-0.12570754	-0.02844737	-0.09264317	0.02856879	0.05608549	-0.07004876	-0.22160610	0.12164645	0.04387818	0.29985374	0.02162629	0.05812620	0.09792889	0.09273811	0.01054112	0.21798937	0.27535452	0.32537369	0.25333806	0.23354050	0.37713640	0.35294002	0.23229628	0.17979891	0.65320949	0.38901724	0.25532481	0.35874737	0.41662136	0.45959888	0.07126119	0.50863527	0.29416083	0.12740861	0.29457377	0.03470068	0.04951399	0.24982221	-0.13425682	-0.03458554	0.07722374	0.11088846	0.02485127	-0.10900641	0.05561824	-0.14258274	-0.07517353	-0.08837526	0.00101073	-0.02899302	-0.02854261	0.08849306	-0.16390757	-0.06875491	-0.01275370	-0.10574143	-0.22714127
LH_DorsAttn_Post_3	0.24886329	0.41286953	0.40246573	0.35895040	0.26965114	0.32282772	0.31339636	0.48446801	0.37800895	0.15473839	0.11969636	0.07422585	0.08243154	0.25451347	0.24518250	0.66281729	0.39385028	1.00000000	0.49444553	0.50466289	0.42941922	0.42393624	0.53740885	0.11499396	0.15100370	0.19138544	0.15331664	0.15318147	0.29980218	0.23449574	0.21200320	0.17605769	0.23858608	0.54678072	0.30024016	0.32111305	0.17122265	0.07299829	0.08481821	0.06577860	0.13074685	0.02502406	0.08923599	-0.02231495	0.14865865	-0.04531338	0.16471655	0.18334169	0.17914357	0.07514634	0.33084812	0.47765845	0.55638295	0.30648662	0.30777456	0.35179019	0.53998979	0.36968606	0.13116404	0.06742032	0.06037217	0.04316103	0.19235899	0.23144736	0.32710766	0.19853939	0.38075332	0.33102212	0.50007454	0.71193452	0.46890325	0.37031615	0.48389997	0.09242951	0.18986499	0.10837457	0.30949048	0.24531092	0.14291727	0.23446402	0.14066111	0.12711420	0.09771112	0.20998310	0.12361644	0.24383334	0.18224618	0.06259981	0.35058136	0.01767084	0.12656458	0.12929511	0.06497924	0.02500506	0.08665557	-0.00112073	-0.04088335	0.15468533	0.19973980	0.08181357
LH_DorsAttn_Post_4	0.07955314	0.13555168	0.14271929	0.14831466	0.10105174	0.12412603	0.22264830	0.14902901	0.10556965	0.21601924	0.22734215	0.24838698	0.16488354	0.40122156	0.28466188	0.43502089	0.65994717	0.49444555	1.00000000	0.18440953	0.56174933	0.38466892	0.46464433	0.20516485	0.20101647	0.19335819	0.11866622	0.11063725	0.11330337	0.20858170	0.06806845	0.17546600	0.04318178	0.37468940	0.15270118	-0.00339248	-0.06332008	0.05346159	0.05072924	0.07263397	-0.01168727	0.06325404	0.09145265	-0.01509856	-0.00333917	-0.04359799	0.01377301	0.07309393	-0.00522784	-0.09455613	0.17220226	0.15655437	0.40111385	0.14507788	0.08848162	0.18185237	0.22450070	0.10758030	0.16959013	0.18542363	0.17800598	0.11459492	0.15583916	0.42721255	0.45101696	0.28913288	0.20169859	0.61542991	0.39147004	0.39402043	0.40990204	0.27438830	0.49784205	0.04288447	0.28644518	0.14404662	0.14057406	0.16145153	0.07369139	0.13943624	0.08767390	-0.00454569	0.06865492	0.04914483	0.13128551	0.09803845	-0.05539616	0.04397215	-0.02811973	-0.05146207	0.07604414	0.10188829	0.09773666	0.04875580	0.10073133	-0.00370713	0.03801972	0.08043057	-0.02291214	-0.06058630
LH_DorsAttn_Post_5	0.37548584	0.34882953	0.33608157	0.16476630	0.35823997	0.36959815	0.34888386	0.28629058	0.36829874	0.24415495	0.12625535	0.25034508	0.14481968	0.23405567	0.27780156	0.36972886	0.17640396	0.50466289	0.18440953	1.00000000	0.33232848	0.28651994	0.48722030	0.28188295	0.14209037	0.15087857	0.37163267	0.18980737	0.52508064	0.36328148	0.25752683	0.20540062	0.32744703	0.46430617	0.34077438	0.47722106	0.28232150	0.25461464	0.19450329	0.30951557	0.42937154	0.09411748	0.10199032	0.12101666	0.37122858	0.20535236	0.33203343	0.38955949	0.46823970	0.42749075	0.38107650	0.35440837	0.24440884	0.15656124	0.33994896	0.35647169	0.20273566	0.29868942	0.21115773	0.14774913	0.16106370	0.10324193	0.18927820	0.20096982	0.20326740	0.24803487	0.44425907	0.09453032	0.26844228	0.42109202	0.52233377	0.18051643	0.41707347	0.21729401	0.14269609	0.10289835	0.45412938	0.29181372	0.19352296	0.19379259	0.15839519	0.35456115	0.23644545	0.21347304	0.29069633	0.27925591	0.31455771	0.11988676	0.58059843	0.34931254	0.27404561	0.22616948	0.20962229	0.06890495	0.10852699	0.17851009	0.25874959	0.43266770	0.47066425	0.42741510
LH_DorsAttn_Post_6	0.11296602	0.28003158	0.31340280	0.19600888	0.23332593	0.28748072	0.29699334	0.25816445	0.24700918	0.35202379	0.35452194	0.38962245	0.26310426	0.44280653	0.49816493	0.38183240	0.45659736	0.42941923	0.56174933	0.33232848	1.00000000	0.27170815	0.52042144	0.25698704	0.28822871	0.30669390	0.14953518	0.12563655	0.30351206	0.30445938	0.11359922	0.18617648	0.01278218	0.21635269	0.09383794	0.07946561	-0.02810897	0.12823259	0.12552387	0.17313247	-0.01399419	0.09469902	0.09326828	0.01971790	0.03295052	0.03531767	0.00302108	-0.00563692	0.06505882	-0.05205191	0.24827781	0.31446423	0.38009988	0.22833237	0.24958576	0.34977569	0.26810618	0.23563809	0.26462691	0.29885432	0.32430147	0.25319361	0.27913809	0.44401671	0.51705890	0.43742805	0.27016654	0.47761313	0.23943034	0.34504758	0.60790873	0.26943078	0.53557625	0.08134138	0.38287611	0.29722361	0.35337871	0.30520089	0.09689384	0.16545821	0.06912067	-0.02172706	0.05308016	0.09942852	0.17849741	0.02235498	0.01680481	0.03615470	0.08644479	-0.00582644	0.06099930	0.08313660	0.12071268	0.06523685	0.10676051	0.02800032	0.07042519	0.07799095	0.08806648	-0.00004057
LH_DorsAttn_PrCv_1	0.10459910	0.15764569	0.11341094	0.11949371	0.12177218	0.16556261	0.27361483	0.13049862	0.06340064	0.34228616	0.23787585	0.37972927	0.20780163	0.17868781	0.21096652	0.47652277	0.49358071	0.42393624	0.38466891	0.28651994	0.27170815	1.00000000	0.41560606	0.43032729	0.26320425	0.39336895	0.26209537	0.25394175	0.12651247	0.38958995	0.11006246	0.04079489	0.24227037	0.51501935	0.59165269	-0.03612454	-0.01766852	-0.01216188	0.10956468	0.29731390	0.07049080	0.02133463	0.31000628	-0.14255266	0.11144972	-0.00528299	0.33444765	0.20398811	0.02995605	-0.13613550	0.14501018	0.18389528	0.33649317	0.15197337	0.15067175	0.15647540	0.16133523	0.08000794	0.25599792	0.22762491	0.27068327	0.19512065	0.17407203	0.20097094	0.16890994	0.20402973	0.24718406	0.33570719	0.40562323	0.31272528	0.24038229	0.56702060	0.31583662	0.24774868	0.35532038	0.25448705	0.10864837	0.32661195	0.12195843	0.01934033	0.18707385	0.05403822	0.14960997	0.35401934	0.17018708	0.31964868	-0.07114592	0.11047152	-0.00791079	-0.03974522	0.10516027	0.07465385	0.09751738	0.01544180	0.21414765	-0.14449389	-0.01292606	0.12005804	0.02181187	-0.14110540
LH_DorsAttn_FEF_1	0.12903567	0.24033718	0.22752081	0.14285063	0.18776533	0.23193613	0.28440370	0.17786727	0.19035629	0.26965214	0.24647490	0.35109018	0.21181175	0.33450578	0.34679983	0.40095461	0.44861324	0.53740884	0.46464433	0.48722031	0.52042145	0.41560604	1.00000000	0.37196545	0.28252956	0.29841681	0.29068796	0.20860680	0.34438954	0.48706979	0.21084004	0.22410924	0.21948368	0.42335394	0.31502704	0.13888631	0.04979521	0.12569896	0.09085168	0.15404859	0.17155616	0.12262729	0.18959980	-0.02041349	0.21640405	0.08143960	0.23713367	0.27253022	0.11945552	0.06120613	0.25164395	0.26521658	0.31286611	0.15302232	0.18632414	0.27933772	0.18436581	0.15920408	0.23329056	0.24110417	0.26644986	0.18549696	0.27911025	0.33231663	0.33890616	0.30338734	0.28228090	0.36759226	0.36993962	0.39880493	0.46705291	0.29663189	0.61615371	0.10494157	0.34404645	0.23980422	0.30333397	0.41315298	0.17640426	0.22120340	0.19031842	0.15943457	0.13532110	0.16463313	0.13875432	0.16833390	0.06613247	0.05289757	0.19718511	0.12381011	0.15225099	0.15950625	0.08823946	0.05784213	0.14585249	0.03663520	0.11266627	0.24813169	0.14017946	0.06033648
LH_SalVentAttn_ParOper_1	0.04276643	0.11482627	0.15246779	0.06134805	0.18156111	0.21459048	0.33963381	0.08885734	0.20332454	0.48536709	0.37151305	0.57107334	0.28574231	0.24860983	0.26393260	0.20525726	0.45504158	0.11499396	0.20516484	0.28188295	0.25698704	0.43032729	0.37196545	1.00000000	0.44946099	0.58493251	0.36569669	0.40532117	0.39447073	0.50975041	0.07809360	0.20232447	0.07580725	0.27497070	0.32136860	0.15399526	0.09151780	0.05959048	0.07949088	0.40894770	0.08401314	0.20886829	0.25119666	-0.12826165	0.13884834	0.05611053	0.23715409	0.07608760	0.06350768	-0.08914512	0.06786043	0.10113269	0.07583832	0.05447019	0.23158190	0.20830136	0.05067211	0.19597456	0.42749529	0.42406465	0.48480393	0.26589591	0.32906357	0.27523409	0.19432304	0.24732650	0.25394448	0.28319796	0.14166672	0.03378972	0.28285781	0.35655163	0.34695682	0.33183813	0.62289347	0.48976323	0.39462744	0.55094642	0.10645988	0.09513174	0.39420092	-0.08295946	-0.00399056	0.16689424	0.26356977	0.10526311	0.03023401	0.20614273	0.08066157	0.14581758	-0.04034010	0.14775898	0.14019159	0.05170172	0.26699380	-0.13860523	0.03230310	0.01651092	0.03782370	-0.10135335
LH_SalVentAttn_FrOperIns_1	0.17642059	0.17838284	0.21101888	0.21190723	0.20956165	0.15551316	0.23133724	0.17267433	0.13128687	0.51722326	0.45077918	0.52219375	0.25563002	0.28751932	0.33233337	0.24565834	0.32801198	0.15100370	0.20101648	0.14209038	0.28822871	0.26320424	0.28252956	0.44946098	1.00000000	0.52384249	0.18795373	0.39723879	0.24724566	0.37292887	0.19665141	0.30036406	0.11131492	0.11338460	0.15560930	0.06331372	0.11844418	0.15404435	0.15112800	0.25136229	0.00375733	0.35230990	0.27525800	0.10935352	0.10159507	0.10928623	0.06698973	0.01449377	0.04836351	-0.04710281	0.18008346	0.18394046	0.15102181	0.18480926	0.20874251	0.19823332	0.15755993	0.13701014	0.49918545	0.45891610	0.48579800	0.26693950	0.32332693	0.32720617	0.21703456	0.29290826	0.17380126	0.23446659	0.13005761	0.04781851	0.21462380	0.30933160	0.23218779	0.27007025	0.48099742	0.55284174	0.29784883	0.42896610	0.13087126	0.20497118	0.15778062	-0.07569560	0.06736913	0.18317514	0.15198524	0.05253976	0.11959370	0.27629056	0.00765797	0.00848888	0.09877134	0.26381414	0.21560052	0.28493769	0.33519987	0.08504978	0.09714918	-0.00087361	0.04098546	-0.04781757
LH_SalVentAttn_FrOperIns_2	0.00575195	0.14436941	0.19977572	0.14154711	0.13993054	0.19699459	0.21493700	0.12349145	0.16318423	0.44387073	0.33250467	0.53568155	0.21744638	0.17645239	0.21789231	0.21207309	0.37948759	0.19138544	0.19335819	0.15087858	0.30669389	0.39336895	0.29841681	0.58493253	0.52384251	1.00000000	0.40331581	0.57331766	0.24781287	0.52340854	0.05504231	0.06903770	-0.02423529	0.15429378	0.29591727	0.08790251	0.08203365	-0.05244366	0.06059363	0.20066126	-0.12570667	0.33237810	0.29161796	-0.06137218	0.09616917	0.00918635	0.06153602	-0.08038503	-0.08134620	-0.21601198	0.08106787	0.20317507	0.16701202	0.20842732	0.20432364	0.15244468	0.17844445	0.17439319	0.40385180	0.36428265	0.53706087	0.22367311	0.28279519	0.19286269	0.16965791	0.18879171	0.15605879	0.23942486	0.16159134	0.11788041	0.26753320	0.46028595	0.31571847	0.26803939	0.53286963	0.72264812	0.31156208	0.63404821	0.10129194	0.00682018	0.33758476	-0.23297756	-0.02359487	0.23848045	0.33800392	0.04365729	0.02428819	0.37462219	0.03045002	-0.02218800	-0.13114308	0.05623766	0.11006665	0.13639820	0.39740164	-0.16627311	-0.07647468	-0.11417771	-0.07285873	-0.21689220
LH_SalVentAttn_PFCl_1	0.04305104	0.13033223	0.09997085	0.13529346	0.17480781	0.17207800	0.15414176	0.05000738	0.14172402	0.20292967	0.13182310	0.24371134	0.11340754	0.12498967	0.22294831	0.15721252	0.18872606	0.15331664	0.11866622	0.37163267	0.14953518	0.26209537	0.29068796	0.36569670	0.18795373	0.40331582	1.00000000	0.52894261	0.32542415	0.40361056	0.10037299	0.12492928	0.22222144	0.21553977	0.30446167	0.23821599	0.26022020	0.15748012	0.24831368	0.23983554	0.28230664	0.29634617	0.28940652	0.10838306	0.43821131	0.37998426	0.38248313	0.29452776	0.09423857	0.12845458	0.07103728	0.10237982	0.15886463	0.15904160	0.15634390	0.16254401	0.07711111	0.08269109	0.16632752	0.15246767	0.19152776	0.07952608	0.12940771	0.14712544	0.15033917	0.19815929	0.22709574	0.10655857	0.12036544	0.09563418	0.26268160	0.14715366	0.23938693	0.27310018	0.19459001	0.24579151	0.30745270	0.37440198	0.16080399	0.08243445	0.28309681	0.11520428	0.22743926	0.18299052	0.55639356	0.24358260	0.15537222	0.36622871	0.17625147	0.26656837	0.09940189	0.11270770	0.22682033	0.20081967	0.27573887	0.07674874	0.30882727	0.28012966	0.08727092	0.08763652
LH_SalVentAttn_Med_1	0.13394959	0.19945462	0.17056678	0.29434071	0.20712095	0.22750230	0.29441265	0.17324621	0.22404558	0.30941722	0.24042027	0.31460084	0.05693827	0.12955298	0.17006793	0.24946366	0.21831822	0.15318147	0.11063726	0.18980737	0.12563655	0.25394175	0.20860679	0.40532116	0.39723879	0.57331766	0.52894260	1.00000000	0.30271993	0.43779819	0.18400533	0.21237287	0.18425289	0.11982790	0.21685591	0.27717598	0.42219734	0.15146266	0.20986389	0.23999353	0.17248428	0.44378071	0.32387244	0.30013315	0.24677233	0.37018076	0.23450023	0.24385494	0.19216169	0.13232648	0.18454750	0.19274255	0.26953055	0.25712969	0.23545111	0.18170168	0.21822293	0.17888381	0.29869934	0.23906709	0.26656373	0.05216866	0.14361702	0.16003717	0.12613791	0.15116751	0.29307144	0.12287759	0.11745265	0.10049985	0.16115721	0.26331828	0.18672277	0.30171361	0.32236215	0.45828454	0.29441736	0.49791439	0.15373601	0.12957670	0.25857578	0.00737825	0.06462848	0.13396067	0.37050820	0.16203400	0.30185974	0.65144353	0.17107053	0.19457034	0.05760518	0.19957495	0.17954075	0.34280075	0.34676137	0.20845166	0.23808112	0.19031962	0.16089191	0.10864695
LH_SalVentAttn_Med_2	0.38337578	0.36377358	0.35978603	0.21533943	0.32154709	0.32905632	0.35521726	0.37750200	0.43468180	0.28295451	0.23110612	0.29381379	0.22629652	0.33607993	0.41106171	0.30888184	0.11424412	0.29980217	0.11330337	0.52508064	0.30351206	0.12651247	0.34438953	0.39447074	0.24724566	0.24781288	0.32542414	0.30271993	1.00000000	0.34225829	0.27684539	0.32253038	0.19941414	0.22015463	0.12189531	0.50623675	0.35592916	0.30913110	0.15846705	0.30294801	0.31708282	0.27251507	0.09935936	0.24166029	0.31858309	0.23939960	0.19949437	0.25537229	0.46497473	0.36589469	0.34166305	0.35820183	0.18422955	0.18383150	0.30835760	0.37092300	0.29377189	0.39016629	0.32656851	0.24872998	0.26809140	0.20521449	0.28530698	0.22879112	0.26174179	0.34067016	0.44675493	0.12345470	0.11455162	0.28011213	0.46364351	0.16437012	0.32254240	0.33810510	0.25574518	0.23632611	0.65456897	0.42292321	0.20754420	0.30700621	0.17017621	0.21850171	0.14339470	0.10867986	0.27147485	0.17754637	0.35943057	0.24333484	0.49500368	0.31852247	0.15137494	0.35988749	0.22978182	0.20472821	0.17690006	0.30452958	0.26825342	0.29308789	0.47331413	0.39272338
LH_SalVentAttn_Med_3	0.12450316	0.27129372	0.26336235	0.19076413	0.25191593	0.27378929	0.33754929	0.18657563	0.24532869	0.43527036	0.34175024	0.52556224	0.34287773	0.41317458	0.42547883	0.27263812	0.27938594	0.23449574	0.20858171	0.36328149	0.30445938	0.38958996	0.48706980	0.50975039	0.37292886	0.52340855	0.40361057	0.43779820	0.34225830	1.00000000	0.25258311	0.25607718	0.25633837	0.29430352	0.31481940	0.19318651	0.13956168	0.23341528	0.26536617	0.36582026	0.21888004	0.34016835	0.38676382	0.07335877	0.28639823	0.24530253	0.33193908	0.18279319	0.14789531	0.09249172	0.12948651	0.27354557	0.21678269	0.22775612	0.28973381	0.27546426	0.18108580	0.26076422	0.40938223	0.38493668	0.48029514	0.30962818	0.45803833	0.36999388	0.20377626	0.40336858	0.24945891	0.21033894	0.16643331	0.13755098	0.30463338	0.29024925	0.39925380	0.28723563	0.36788970	0.42454997	0.34181231	0.62899467	0.26034381	0.19386831	0.21753449	0.06941886	0.14470559	0.21041577	0.22281419	0.16107276	0.09856805	0.20716683	0.17513974	0.13686109	0.11530392	0.24566826	0.22127418	0.18776698	0.31409559	0.06789947	0.17872039	0.10189050	0.11353340	0.03693817
LH_Limbic_OFC_1	0.29151079	0.32324694	0.23268015	0.25949573	0.25178693	0.20061292	0.26920981	0.24561155	0.22498309	0.28723777	0.34578472	0.22543386	0.17115357	0.33499361	0.41132347	0.40338835	0.05160246	0.21200320	0.06806846	0.25752683	0.11359922	0.11006246	0.21084003	0.07809361	0.19665142	0.05504231	0.10037299	0.18400533	0.27684539	0.25258311	1.00000000	0.53473683	0.50342687	0.27143396	0.25300104	0.18239874	0.29840057	0.52462340	0.38660802	0.32488168	0.46572991	0.36108087	0.46127116	0.51591250	0.46533880	0.46439540	0.35902399	0.42058932	0.29524076	0.43362244	0.27338945	0.29634851	0.30276529	0.20670480	0.25203002	0.20164477	0.19450392	0.20779117	0.32830165	0.28319230	0.20620242	0.16920502	0.26170999	0.35011830	0.17878239	0.39838847	0.29596280	0.12348908	0.14388770	0.19808360	0.12296035	0.10234692	0.15076913	0.28558740	0.10899501	0.05123587	0.24811347	0.15741878	0.60320907	0.44606831	-0.00228878	0.32743969	0.31198087	0.16496771	0.01653854	0.22160392	0.24774343	0.10721662	0.20210453	0.23777437	0.42537020	0.45927708	0.32595007	0.35742293	0.22234914	0.47778301	0.30857067	0.24233412	0.23351540	0.33845120
LH_Limbic_TempPole_1	0.32858265	0.32984871	0.28386155	0.26656430	0.30691023	0.22521359	0.31235032	0.26650249	0.24552014	0.28126975	0.34526809	0.27089700	0.23348963	0.38263198	0.41166131	0.35153932	0.09551196	0.17605769	0.17546600	0.20540062	0.18617647	0.04079489	0.22410925	0.20232446	0.30036406	0.06903771	0.12492928	0.21237288	0.32253038	0.25607717	0.53473683	1.00000000	0.35897346	0.14070921	0.08512714	0.22604432	0.27986076	0.59211084	0.40483098	0.33302507	0.41914291	0.39939263	0.35438074	0.43520789	0.34800587	0.43322808	0.30124118	0.31730410	0.31331184	0.40133236	0.32875961	0.28263535	0.31996142	0.20764659	0.26672135	0.26837084	0.23484457	0.23589168	0.30878941	0.33465090	0.24917061	0.18920707	0.30714314	0.37460965	0.24904859	0.39982332	0.30939590	0.19263776	0.06476701	0.13806830	0.14815218	0.03190677	0.15573054	0.27573075	0.18691358	0.08738320	0.32438222	0.18908260	0.38876003	0.60615387	-0.06686208	0.25555963	0.20389197	0.04007199	0.02472107	0.13796980	0.25300987	0.18990243	0.21893855	0.23422840	0.34164322	0.49426134	0.33217389	0.35088880	0.17058079	0.44486131	0.33277796	0.18586812	0.28166896	0.33787955
LH_Limbic_TempPole_2	0.27861290	0.26817986	0.14806407	0.18802533	0.21547631	0.12869188	0.19802353	0.13643322	0.11068841	0.20379928	0.18076920	0.16422945	0.14552525	0.25290217	0.37679091	0.42226481	0.00135088	0.23858608	0.04318178	0.32744702	0.01278218	0.24227037	0.21948368	0.07580725	0.11131492	-0.02423529	0.22222144	0.18425289	0.19941413	0.25633837	0.50342688	0.35897346	1.00000000	0.45206657	0.42365913	0.16240292	0.35283033	0.48164431	0.48037906	0.35386680	0.64533247	0.24044273	0.52418072	0.32281764	0.50281886	0.50726504	0.57291909	0.57454252	0.30715373	0.42483289	0.23697185	0.18997064	0.25504791	0.18640345	0.16753678	0.12008807	0.10912101	0.09172708	0.23018130	0.20153693	0.12423450	0.16566325	0.18389984	0.20686355	0.08097301	0.34545597	0.26983400	0.00178002	0.20613102	0.22728578	0.03655058	0.05052105	0.02893730	0.24611489	-0.06755210	-0.05935759	0.11881797	0.07085912	0.30782055	0.35292260	-0.02095814	0.48502836	0.38335339	0.20285598	0.05615616	0.34835286	0.28691630	0.15238312	0.19162686	0.26636333	0.54180169	0.34591484	0.31293829	0.21768677	0.13288963	0.33199395	0.35674931	0.39487236	0.26389904	0.31356416
LH_Cont_Par_1	0.13700733	0.22459519	0.13175459	0.09468413	0.14425777	0.12557126	0.16345935	0.07934089	0.14840738	0.23862654	0.16781429	0.21298763	0.12486692	0.22992589	0.26569898	0.45069817	0.34146044	0.54678073	0.37468939	0.46430617	0.21635269	0.51501934	0.42335394	0.27497069	0.11338460	0.15429378	0.21553977	0.11982790	0.22015463	0.29430352	0.27143397	0.14070921	0.45206658	1.00000000	0.58927365	0.28333273	0.27425373	0.10806732	0.18114010	0.24230369	0.41385133	0.02912074	0.30206155	-0.07143098	0.29789800	0.10388237	0.44285954	0.36856349	0.15450570	0.17269470	0.14004618	0.15057622	0.23017168	0.17199545	0.15159957	0.11666559	0.08313209	0.08945426	0.22766249	0.15566384	0.16983132	0.11986855	0.11033156	0.23769411	0.18838357	0.25216389	0.23110671	0.24308759	0.51726420	0.43131556	0.21901807	0.28484149	0.31234196	0.15325038	0.13977596	0.07136000	0.17908666	0.19550253	0.26874041	0.11152206	0.20839034	0.39053109	0.34374798	0.37830305	0.17381905	0.39678136	0.25083889	0.08821062	0.29067971	0.12734904	0.30197465	0.11484934	0.11434497	0.01350455	0.13151354	-0.00422835	0.08743651	0.27851495	0.15010782	0.14204093
LH_Cont_PFCl_1	0.09635370	0.15053055	0.09199183	0.09979373	0.14949572	0.15398087	0.19061949	0.05668411	0.06192923	0.23932476	0.12848357	0.23760847	0.17599338	0.10547864	0.14477111	0.34367122	0.25692342	0.30024016	0.15270117	0.34077439	0.09383794	0.59165269	0.31502704	0.32136860	0.15560931	0.29591727	0.30446166	0.21685591	0.12189532	0.31481940	0.25300103	0.08512714	0.42365914	0.58927367	1.00000000	0.09651675	0.13767889	0.03610413	0.17185622	0.30580724	0.30108684	0.07843839	0.45082637	-0.07596222	0.35038189	0.15033475	0.47901258	0.36143032	0.11511330	0.04543476	0.14455292	0.14612133	0.16767095	0.14822858	0.16961593	0.09202032	0.05915834	0.05912042	0.23747763	0.17115992	0.19327544	0.19874139	0.13394965	0.14527427	0.09987875	0.18032328	0.17910463	0.10676411	0.31231007	0.18618614	0.12739067	0.39249868	0.20076300	0.23342170	0.16469081	0.15287011	0.04915850	0.18607682	0.18331448	0.04519657	0.21570160	0.20600121	0.28397822	0.48009770	0.17345921	0.34707584	0.04345238	0.09621588	0.08614716	0.13130621	0.21150212	0.12326755	0.11444974	0.00849359	0.17266959	-0.09971659	0.04948568	0.20103494	0.06272597	-0.01880059
LH_Cont_pCun_1	0.30366628	0.29937440	0.36066733	0.18331905	0.28078754	0.34764166	0.26265141	0.31668868	0.56628794	0.10038346	0.07954960	0.11079106	0.07217927	0.15688698	0.11101574	0.16913009	-0.05060833	0.32111305	-0.00339249	0.47722106	0.07946561	-0.03612454	0.13888631	0.15399526	0.06331372	0.08790251	0.23821598	0.27717599	0.50623677	0.19318650	0.18239874	0.22604433	0.16240293	0.28333273	0.09651675	1.00000000	0.64557777	0.21403940	0.15431892	0.11375645	0.35548234	0.17127603	-0.02103910	0.21586939	0.25600019	0.15812377	0.15934503	0.18230412	0.53435430	0.51916913	0.23473808	0.28751476	0.12422504	0.11471975	0.32657268	0.36601615	0.21158857	0.38683689	0.13380676	0.08138018	0.09848680	0.04489902	0.11749437	0.08536170	0.13043872	0.07652214	0.28835731	-0.02362415	0.08325101	0.30128878	0.23085452	-0.05767614	0.15516415	0.15088949	0.07609922	0.08166552	0.40408388	0.23621741	0.17502746	0.21327051	0.08478849	0.30010282	0.14238286	0.10457069	0.18987284	0.15103873	0.60756566	0.22295095	0.75734191	0.24933660	0.14825536	0.19325529	0.13887175	0.15221167	0.03217279	0.24993035	0.11800146	0.20105977	0.52463341	0.51071016
LH_Cont_Cing_1	0.26725529	0.19449328	0.13705966	0.19933745	0.17116873	0.15412001	0.17678958	0.12985259	0.26838377	0.09177524	0.14593999	0.05411858	-0.03462279	0.10236245	0.16795406	0.19093079	-0.06733057	0.17122265	-0.06332009	0.28232150	-0.02810897	-0.01766851	0.04979521	0.09151780	0.11844417	0.08203365	0.26022021	0.42219734	0.35592916	0.13956168	0.29840057	0.27986076	0.35283033	0.27425373	0.13767888	0.64557778	1.00000000	0.30787766	0.23753894	0.11482971	0.47292763	0.26720782	0.15238911	0.42243984	0.33955830	0.38846506	0.29846424	0.35912235	0.42623587	0.56287214	0.19727755	0.14534118	0.16726646	0.10402150	0.17500505	0.14323543	0.07477433	0.13248136	0.10841823	0.04424304	0.04389359	-0.04642023	-0.02071663	0.08138315	0.05934324	0.10780137	0.22400285	-0.03617682	0.11016231	0.19199420	0.05283986	-0.07235025	0.02300626	0.18880787	-0.01244301	0.05340398	0.29572968	0.15800983	0.23504186	0.25341755	0.12722579	0.39928996	0.23310733	0.10748573	0.19059262	0.25212115	0.76912143	0.43168901	0.52782317	0.28645155	0.30436952	0.23670037	0.20793468	0.26844151	0.07161331	0.41498998	0.32764660	0.30625696	0.38567643	0.51991851
LH_Default_Temp_1	0.32418353	0.37446362	0.28699256	0.29628215	0.33823617	0.27857868	0.31571313	0.27256595	0.25395624	0.27631185	0.27387261	0.24055356	0.19186695	0.37877308	0.44527213	0.30789573	-0.08271722	0.07299829	0.05346159	0.25461464	0.12823259	-0.01216188	0.12569898	0.05959048	0.15404435	-0.05244366	0.15748013	0.15146265	0.30913110	0.23341528	0.52462342	0.59211084	0.48164432	0.10806732	0.03610413	0.21403942	0.30787766	1.00000000	0.64908777	0.47839392	0.62164346	0.46536657	0.45565912	0.60772703	0.47287364	0.65032385	0.42007507	0.40019599	0.41022172	0.59766653	0.26774945	0.30383853	0.26005465	0.22199479	0.27037133	0.27726032	0.19398544	0.24383001	0.33838980	0.29356049	0.21561144	0.18286943	0.26644283	0.35465843	0.20351658	0.43948330	0.36649923	0.08633383	0.00032373	0.08570050	0.12278331	-0.03948262	0.05546941	0.36558030	0.03908500	0.01559872	0.26955356	0.07474109	0.39317314	0.50437868	-0.12588861	0.41700868	0.30355348	0.04134768	0.02565132	0.21034708	0.28716786	0.18744729	0.28315325	0.36769647	0.53369769	0.54823739	0.53046673	0.40880773	0.23076763	0.58093359	0.53376224	0.31016655	0.35140680	0.51692890
LH_Default_Temp_2	0.15010052	0.28975055	0.20632740	0.21794988	0.24423084	0.15632112	0.22334030	0.17263603	0.14939370	0.36210735	0.27171226	0.23138608	0.17626925	0.30830093	0.40633169	0.28747238	-0.05635760	0.08481821	0.05072924	0.19450330	0.12552387	0.10956468	0.09085168	0.07949088	0.15112801	0.06059363	0.24831369	0.20986390	0.15846706	0.26536616	0.38660803	0.40483096	0.48037906	0.18114010	0.17185622	0.15431892	0.23753895	0.64908777	1.00000000	0.54717765	0.53190069	0.45460518	0.56082053	0.41800175	0.44112992	0.58727709	0.48080171	0.32105319	0.22640716	0.42047540	0.15426488	0.23292644	0.25315682	0.26945724	0.16880906	0.18803180	0.15069348	0.12545004	0.40810238	0.29328649	0.20509542	0.18257182	0.22997295	0.33444447	0.17174786	0.41244205	0.25734137	0.09127387	0.07582571	0.09451402	0.11303962	0.04193323	0.02050219	0.40847835	0.05343585	0.05812064	0.13775800	0.03250513	0.27167562	0.36716630	-0.02216164	0.32049832	0.29547873	0.09763772	0.11395564	0.24918643	0.22188192	0.18669014	0.15857021	0.25046397	0.46007353	0.44625668	0.59007349	0.35217002	0.26051404	0.37418533	0.44998775	0.21094213	0.18951431	0.34014695
LH_Default_Par_1	0.20032550	0.27017938	0.23886604	0.18716551	0.28640895	0.30798301	0.47429337	0.20720359	0.23309746	0.55931150	0.40215228	0.46909437	0.38293411	0.36811820	0.38413506	0.30800081	0.11676163	0.06577860	0.07263397	0.30951558	0.17313248	0.29731389	0.15404860	0.40894771	0.25136228	0.20066126	0.23983554	0.23999354	0.30294800	0.36582025	0.32488168	0.33302507	0.35386682	0.24230370	0.30580725	0.11375646	0.11482971	0.47839393	0.54717766	1.00000000	0.42754927	0.31530969	0.44165552	0.23474302	0.31110947	0.39400738	0.44206607	0.27300780	0.29691264	0.29951761	0.19978398	0.22809387	0.20055011	0.17040591	0.27992566	0.25475070	0.15049334	0.22698324	0.55526481	0.39852418	0.38571673	0.36838071	0.36683001	0.33263174	0.15251251	0.40973229	0.41980165	0.12265416	0.04369196	0.05115078	0.17653450	0.24494542	0.12306256	0.60386192	0.25460340	0.21677976	0.25250514	0.24423279	0.27646938	0.27697180	0.06174796	0.20699459	0.15127360	0.16963795	0.14477542	0.24276928	0.07775465	0.13410507	0.15596159	0.33242775	0.31762943	0.46051404	0.49491320	0.19972442	0.25371226	0.20190005	0.29817290	0.19116602	0.24142368	0.25394092
LH_Default_Par_2	0.30207600	0.25521027	0.11881119	0.20232012	0.20966546	0.16500020	0.25087675	0.12440854	0.19806155	0.12499356	0.17152806	0.10741375	0.19041229	0.24528209	0.30726049	0.28065817	-0.06360324	0.13074685	-0.01168729	0.42937153	-0.01399419	0.07049080	0.17155616	0.08401313	0.00375733	-0.12570667	0.28230664	0.17248428	0.31708284	0.21888004	0.46572990	0.41914291	0.64533247	0.41385134	0.30108685	0.35548234	0.47292762	0.62164344	0.53190068	0.42754929	1.00000000	0.31168996	0.44853691	0.47453018	0.63628316	0.65691912	0.64136015	0.67098814	0.47453815	0.70074818	0.24389832	0.17640735	0.21067131	0.09242631	0.17176739	0.17109056	0.09130320	0.12145776	0.19654008	0.16745273	0.07056785	0.15199241	0.16208294	0.22827960	0.12342666	0.31945624	0.37694429	0.01967224	0.14218690	0.17637863	0.08351783	-0.06925596	0.08782268	0.32061046	-0.07279600	-0.14688320	0.21669216	0.01713249	0.35990779	0.41399747	0.07362693	0.65260466	0.43742953	0.11555990	0.09638606	0.35894124	0.43190245	0.17505002	0.38987044	0.53825837	0.57059589	0.40759786	0.37021713	0.25878633	0.10844208	0.48430879	0.52253961	0.48176715	0.40538137	0.57602288
LH_Default_PFC_1	0.12027112	0.25164887	0.20207495	0.25892078	0.24409140	0.14405796	0.17598667	0.19463101	0.13386800	0.30073674	0.25776576	0.17425408	0.12826837	0.24935403	0.30847315	0.16818983	0.00670262	0.02502406	0.06325405	0.09411747	0.09469902	0.02133463	0.12262729	0.20886830	0.35230990	0.33237810	0.29634617	0.44378071	0.27251508	0.34016835	0.36108087	0.39939262	0.24044273	0.02912074	0.07843839	0.17127602	0.26720782	0.46536657	0.45460519	0.31530969	0.31168997	1.00000000	0.53831915	0.49146695	0.35985129	0.54014495	0.29304693	0.20331021	0.19370321	0.32148290	0.14905014	0.21725426	0.17070219	0.22084239	0.16702589	0.14712205	0.18942939	0.15417878	0.36353660	0.20830830	0.19026547	0.11456164	0.21795194	0.27170175	0.23134203	0.29394982	0.19295260	0.09452884	0.03532638	0.00936552	0.09467146	0.06470140	0.09420603	0.34234882	0.14769817	0.27721173	0.21346862	0.22541504	0.31031675	0.34158901	0.07155828	0.08984876	0.18136096	0.04895413	0.18860001	0.13628762	0.21443426	0.38777099	0.12805463	0.19611239	0.28252785	0.44238204	0.46259318	0.61785188	0.47649524	0.37358101	0.39169139	0.11252103	0.13521077	0.26173261
LH_Default_PFC_2	0.03685306	0.21556067	0.14777115	0.20225044	0.14255301	0.07733225	0.21726087	0.11932452	0.03613894	0.32503059	0.27071288	0.23645735	0.17278520	0.30562866	0.38767092	0.31493199	0.11272675	0.08923599	0.09145265	0.10199032	0.09326827	0.31000628	0.18959980	0.25119666	0.27525799	0.29161795	0.28940651	0.32387244	0.09935936	0.38676382	0.46127115	0.35438074	0.52418071	0.30206155	0.45082635	-0.02103910	0.15238911	0.45565911	0.56082053	0.44165553	0.44853689	0.53831915	1.00000000	0.30388826	0.48223777	0.55092924	0.50362452	0.31422644	0.02738166	0.17465506	0.12920739	0.20407006	0.25046875	0.22913522	0.12759292	0.08635406	0.15294398	0.09058130	0.41070527	0.28312485	0.27174357	0.18959942	0.24619335	0.33491071	0.20282787	0.39226205	0.17983191	0.11104537	0.12423774	0.04509650	0.01212272	0.15506082	0.06307308	0.37281395	0.13902626	0.20689319	0.05704325	0.16251414	0.30639215	0.28977497	0.04868464	0.17254228	0.32132980	0.20156307	0.13331793	0.23955926	0.04923594	0.21514326	-0.05555912	0.15264917	0.36908930	0.41059389	0.44723357	0.40848120	0.48174152	0.21250156	0.33463062	0.11118440	-0.03612493	0.05963741
LH_Default_PFC_3	0.33875383	0.27072614	0.17968027	0.27695459	0.26399228	0.18542645	0.24909688	0.18416097	0.16871683	0.11125050	0.16999935	0.07549702	0.05955683	0.22556704	0.31111964	0.22229458	-0.12570753	-0.02231495	-0.01509856	0.12101667	0.01971790	-0.14255266	-0.02041348	-0.12826165	0.10935351	-0.06137218	0.10838306	0.30013315	0.24166029	0.07335877	0.51591249	0.43520789	0.32281763	-0.07143098	-0.07596222	0.21586939	0.42243982	0.60772703	0.41800175	0.23474302	0.47453018	0.49146697	0.30388826	1.00000000	0.36617798	0.68440247	0.22686494	0.40910194	0.46440257	0.63955726	0.29205896	0.18598594	0.19663687	0.16243903	0.19463570	0.15518717	0.11986635	0.14818971	0.19697969	0.12293940	0.05508102	0.05554387	0.07468988	0.23588916	0.08035984	0.27716292	0.30148909	-0.02997145	-0.13312426	-0.00618349	0.03587977	-0.16675708	-0.09767155	0.24357405	-0.10036408	-0.03802670	0.15922030	-0.07271634	0.25278021	0.34149225	-0.22832352	0.30014366	0.16040120	-0.09530565	-0.01900449	0.04808243	0.38152140	0.31677974	0.21098145	0.27189263	0.43206693	0.45438414	0.39732001	0.49088428	0.11087903	0.76667162	0.52203485	0.27200182	0.39451281	0.57130435
LH_Default_PFC_4	0.15207959	0.25572467	0.16692258	0.20088803	0.23567193	0.18072108	0.21053880	0.19002226	0.18746438	0.15422255	0.14443382	0.17138956	0.16803924	0.22518043	0.29983088	0.22132832	-0.02844738	0.14865865	-0.00333918	0.37122858	0.03295052	0.11144972	0.21640404	0.13884835	0.10159506	0.09616917	0.43821132	0.24677233	0.31858308	0.28639822	0.46533881	0.34800587	0.50281885	0.29789800	0.35038190	0.25600019	0.33955831	0.47287365	0.44112993	0.31110947	0.63628316	0.35985130	0.48223777	0.36617796	1.00000000	0.56260879	0.54967126	0.50553045	0.25621870	0.47249177	0.14990945	0.24595464	0.21156354	0.17133149	0.19368550	0.15916748	0.16284302	0.18917703	0.19214336	0.19944977	0.15421916	0.15363147	0.17938797	0.23229562	0.12366148	0.28597237	0.24213339	0.00062017	0.13220417	0.11214877	0.10027033	0.02327419	0.15677462	0.24829776	0.01413839	-0.01222885	0.23262555	0.14998907	0.41229775	0.31904380	0.11899343	0.43234725	0.51806952	0.22182439	0.25799603	0.29766773	0.25799481	0.24559964	0.29245703	0.35366618	0.41313857	0.28537998	0.32282158	0.21072005	0.19207833	0.39588489	0.42092716	0.38238064	0.19530157	0.33689008
LH_Default_PFC_5	0.18511675	0.22471371	0.08621048	0.20219057	0.20932274	0.10517315	0.24551935	0.10001012	0.07380855	0.18985592	0.21423736	0.17784864	0.12780760	0.23065646	0.34383354	0.21583536	-0.09264317	-0.04531338	-0.04359800	0.20535237	0.03531768	-0.00528299	0.08143961	0.05611053	0.10928622	0.00918636	0.37998426	0.37018075	0.23939960	0.24530253	0.46439541	0.43322807	0.50726504	0.10388237	0.15033475	0.15812377	0.38846506	0.65032386	0.58727711	0.39400739	0.65691912	0.54014495	0.55092923	0.68440247	0.56260879	1.00000000	0.52030376	0.54494023	0.32944637	0.57960060	0.17519100	0.15476373	0.19955264	0.15300742	0.13313873	0.09873952	0.06212910	0.04348792	0.24598726	0.21332845	0.12315796	0.13271876	0.12335557	0.24446986	0.09649289	0.31451631	0.29223875	-0.03048865	-0.08128352	-0.03739389	0.01087626	-0.11012939	-0.03833410	0.29745350	-0.03787913	-0.02490102	0.12649110	0.01483580	0.25794885	0.34103474	-0.09019775	0.38082487	0.30549183	0.01250311	0.12592900	0.20579789	0.30426200	0.35662855	0.15237229	0.37105737	0.46999793	0.39974320	0.43546398	0.45817152	0.23317940	0.60397029	0.67787371	0.37364687	0.27296045	0.45703483
LH_Default_PFC_6	0.11843821	0.16499713	0.02553404	0.16192783	0.16529291	0.10578400	0.16181560	0.07821956	0.05927225	0.20064367	0.18014211	0.17679608	0.20087077	0.18142289	0.30244631	0.26722721	0.02856879	0.16471654	0.01377301	0.33203343	0.00302108	0.33444765	0.23713366	0.23715410	0.06698973	0.06153602	0.38248313	0.23450024	0.19949436	0.33193909	0.35902399	0.30124118	0.57291908	0.44285954	0.47901259	0.15934503	0.29846423	0.42007507	0.48080170	0.44206607	0.64136015	0.29304693	0.50362452	0.22686494	0.54967128	0.52030374	1.00000000	0.52884771	0.20566802	0.38811066	0.05386901	0.08726586	0.18235268	0.08932227	0.14504922	0.06512520	0.05455864	0.03199251	0.18692153	0.17066145	0.10305798	0.18393727	0.15929522	0.19126645	0.08112149	0.32501341	0.20821815	0.04042154	0.18516754	0.09585882	0.03201656	0.07002526	0.08269596	0.31620858	0.02584438	-0.06213309	0.11876931	0.09174535	0.30417572	0.23746788	0.11812046	0.39091688	0.34957515	0.15823062	0.12904636	0.41103388	0.18914093	0.12942935	0.16058067	0.29366449	0.37461187	0.28555109	0.27677895	0.15148795	0.13530714	0.19438096	0.36239423	0.31059117	0.13867064	0.24128554
LH_Default_PFC_7	0.33245953	0.12163886	-0.00708881	0.13297253	0.10190257	0.03417823	0.16273898	0.01070424	0.02632094	0.06846095	0.07009955	0.08050474	0.08913104	0.12273108	0.22736335	0.30914486	0.05608549	0.18334170	0.07309393	0.38955949	-0.00563691	0.20398812	0.27253022	0.07608759	0.01449377	-0.08038503	0.29452776	0.24385494	0.25537228	0.18279319	0.42058933	0.31730410	0.57454253	0.36856348	0.36143032	0.18230412	0.35912235	0.40019599	0.32105320	0.27300780	0.67098814	0.20331021	0.31422644	0.40910195	0.50553043	0.54494022	0.52884771	1.00000000	0.41885230	0.55030851	0.29614765	0.08334113	0.20194686	0.02284262	0.05458855	0.03978820	0.00749029	-0.01571163	0.09802457	0.09439408	-0.01563647	0.05090513	0.05892434	0.18456037	0.02406638	0.23792642	0.32591005	0.07052903	0.23445151	0.22603400	0.09479916	0.02175345	0.14523861	0.19517684	-0.09689840	-0.15089428	0.17507199	0.02170398	0.23163990	0.24142702	0.02310837	0.51886748	0.33541674	0.08941409	0.10708318	0.31959937	0.30618661	0.22960485	0.22168466	0.37860878	0.44638670	0.31153078	0.22637024	0.17920962	0.03422550	0.39570543	0.39642345	0.56498701	0.37390301	0.46029056
LH_Default_pCunPCC_1	0.58399361	0.35400210	0.36891448	0.27318200	0.41421734	0.46914192	0.37554945	0.32555691	0.42799162	0.17808397	0.16559034	0.17391948	0.21814144	0.24946295	0.25530788	0.25963069	-0.07004875	0.17914357	-0.00522784	0.46823970	0.06505882	0.02995605	0.11945553	0.06350768	0.04836351	-0.08134621	0.09423858	0.19216169	0.46497473	0.14789530	0.29524075	0.31331184	0.30715373	0.15450570	0.11511330	0.53435429	0.42623588	0.41022172	0.22640716	0.29691265	0.47453814	0.19370320	0.02738166	0.46440256	0.25621870	0.32944636	0.20566802	0.41885230	1.00000000	0.66804734	0.50081045	0.31625594	0.17463689	0.15137683	0.37746797	0.44895107	0.20256507	0.33003480	0.19020303	0.18181946	0.09934915	0.16654548	0.15362719	0.19427959	0.10929245	0.23337826	0.48233532	-0.01995655	0.00226415	0.20526654	0.23649234	-0.04514585	0.09765869	0.27651622	-0.02915802	-0.06662397	0.34549702	0.05032009	0.16959357	0.28663000	-0.11451700	0.42282277	0.17733253	0.06948123	0.03764475	0.17021280	0.44686100	0.17133372	0.55486370	0.35199725	0.36213207	0.38355840	0.22962967	0.24924072	-0.01809372	0.48075224	0.33172326	0.42516006	0.83193813	0.66738090
LH_Default_pCunPCC_2	0.39161794	0.26723710	0.15576195	0.19949106	0.25082803	0.18790149	0.22403467	0.17379810	0.25220243	0.05289941	0.08535701	0.03299028	0.07921690	0.16234964	0.23608398	0.15813628	-0.22160610	0.07514635	-0.09455613	0.42749076	-0.05205190	-0.13613551	0.06120612	-0.08914511	-0.04710281	-0.21601197	0.12845458	0.13232648	0.36589470	0.09249172	0.43362245	0.40133236	0.42483289	0.17269470	0.04543476	0.51916911	0.56287215	0.59766652	0.42047540	0.29951759	0.70074816	0.32148290	0.17465506	0.63955726	0.47249176	0.57960062	0.38811064	0.55030852	0.66804735	1.00000000	0.30871442	0.16685556	0.12396270	0.07088923	0.17066595	0.18375676	0.06285085	0.15050712	0.11461322	0.07973112	-0.03084058	0.03215785	0.05256285	0.16466584	0.07968983	0.22002797	0.36267631	-0.09813016	-0.01591117	0.13606747	0.08263822	-0.21764328	-0.01868704	0.23270424	-0.15722219	-0.18188363	0.23235521	-0.05566669	0.27548273	0.36802327	-0.14072235	0.55861991	0.28009487	-0.01560827	0.01843657	0.22326171	0.53060051	0.18626358	0.56861429	0.46206677	0.49367480	0.42135808	0.34617520	0.31572545	0.02942950	0.62171903	0.49640548	0.44564708	0.60404949	0.82856402
RH_Vis_1	0.56401177	0.37144536	0.37342548	0.32056142	0.31588330	0.31722838	0.35809000	0.35254430	0.29243264	0.20306568	0.19701582	0.17824049	0.19594518	0.23685096	0.24630027	0.43578680	0.12164645	0.33084812	0.17220226	0.38107649	0.24827782	0.14501018	0.25164394	0.06786043	0.18008346	0.08106787	0.07103728	0.18454750	0.34166305	0.12948651	0.27338944	0.32875961	0.23697185	0.14004618	0.14455292	0.23473808	0.19727755	0.26774945	0.15426488	0.19978398	0.24389832	0.14905014	0.12920739	0.29205896	0.14990945	0.17519101	0.05386902	0.29614765	0.50081045	0.30871441	1.00000000	0.43459650	0.37995311	0.27468950	0.26373585	0.36266752	0.36465046	0.28830891	0.22981108	0.16745273	0.12111366	0.14488587	0.15109441	0.21393709	0.19772080	0.23808525	0.46996987	0.18741574	0.14590187	0.31507043	0.33833470	0.15537147	0.23651510	0.22088121	0.07025399	0.10359217	0.28628915	0.11176911	0.11503072	0.32962781	-0.07576107	0.22089544	0.09727113	0.05035534	0.08391524	0.10969817	0.23908906	0.09829600	0.31957080	0.24705919	0.30071720	0.37635033	0.17063362	0.22360590	0.09974561	0.29140133	0.17422331	0.29815834	0.52402496	0.34811328
RH_Vis_2	0.34863736	0.72752159	0.77005744	0.52617263	0.59145710	0.62859545	0.45903608	0.73523911	0.62710847	0.28715750	0.26263627	0.20539024	0.19304717	0.32941428	0.32755724	0.52638443	0.04387818	0.47765844	0.15655437	0.35440837	0.31446423	0.18389528	0.26521659	0.10113269	0.18394046	0.20317506	0.10237982	0.19274255	0.35820181	0.27354556	0.29634850	0.28263536	0.18997064	0.15057622	0.14612133	0.28751476	0.14534118	0.30383854	0.23292644	0.22809388	0.17640734	0.21725425	0.20407006	0.18598594	0.24595464	0.15476374	0.08726585	0.08334112	0.31625594	0.16685556	0.43459650	1.00000000	0.54657228	0.54841732	0.66174140	0.65694099	0.72525105	0.71008271	0.30615287	0.22302887	0.23585056	0.13606400	0.35780227	0.27300155	0.29930028	0.29092021	0.43165205	0.11170908	0.16172005	0.42252179	0.37824700	0.24433090	0.32551044	0.27070700	0.19432349	0.22608677	0.40150998	0.29170791	0.20510471	0.37029600	0.02776953	0.13114758	0.19355823	0.17737392	0.14450209	0.18525259	0.17271336	0.12170010	0.39730316	0.17869183	0.21728041	0.29860706	0.20724730	0.18133232	0.21709879	0.21533615	0.13016452	0.14797990	0.32104091	0.18682250
RH_Vis_3	0.23600791	0.50125717	0.36788735	0.55790336	0.34211532	0.34940411	0.42871733	0.49679291	0.32518974	0.24698021	0.23244414	0.15314920	0.15244543	0.34973489	0.35493573	0.64332673	0.29985374	0.55638294	0.40111384	0.24440884	0.38009987	0.33649318	0.31286610	0.07583832	0.15102181	0.16701202	0.15886464	0.26953056	0.18422955	0.21678269	0.30276529	0.31996141	0.25504791	0.23017168	0.16767095	0.12422504	0.16726646	0.26005464	0.25315682	0.20055011	0.21067130	0.17070219	0.25046875	0.19663686	0.21156355	0.19955264	0.18235269	0.20194687	0.17463689	0.12396270	0.37995313	0.54657228	1.00000000	0.38690994	0.36183984	0.36015423	0.60390489	0.37906800	0.20596434	0.15267554	0.11543112	0.11528620	0.27583762	0.38218681	0.37704994	0.33927588	0.53174695	0.42348966	0.42679419	0.59487875	0.36717275	0.39450666	0.41926988	0.27747865	0.22855159	0.11754495	0.26777339	0.21583339	0.21632165	0.34552920	0.10067222	0.16573220	0.23489106	0.18406733	0.20740941	0.29243383	0.16687421	0.20291122	0.20901959	0.11909791	0.25886410	0.30309483	0.20938948	0.21690616	0.22816248	0.18911572	0.18729298	0.22083026	0.15081979	0.10792255
RH_Vis_4	0.15293005	0.53639892	0.45595251	0.55739954	0.51646616	0.37735728	0.24201704	0.43971796	0.32245679	0.28820490	0.23147744	0.18276034	0.12722984	0.28924348	0.31025813	0.42118937	0.02162629	0.30648662	0.14507787	0.15656124	0.22833237	0.15197337	0.15302232	0.05447019	0.18480926	0.20842732	0.15904161	0.25712969	0.18383150	0.22775612	0.20670479	0.20764659	0.18640345	0.17199544	0.14822858	0.11471975	0.10402150	0.22199480	0.26945725	0.17040592	0.09242631	0.22084239	0.22913522	0.16243903	0.17133149	0.15300742	0.08932227	0.02284262	0.15137683	0.07088923	0.27468951	0.54841734	0.38690994	1.00000000	0.39093923	0.36340745	0.49879282	0.38265696	0.31416856	0.19342108	0.21767274	0.09896181	0.23991193	0.28565375	0.20481837	0.28813935	0.24360164	0.07876130	0.17000402	0.25585317	0.26416158	0.19803585	0.19364153	0.24954674	0.17463424	0.25039923	0.25875959	0.23364341	0.24116414	0.26628246	0.02971981	0.07930079	0.19552069	0.21042272	0.20699653	0.11751684	0.14231844	0.18500200	0.19152849	0.05791603	0.14855964	0.26839234	0.21046594	0.21328808	0.23038568	0.13353751	0.10748284	0.09413307	0.14572545	0.10815889
RH_Vis_5	0.29080080	0.58806614	0.73908177	0.45287546	0.73734610	0.82071913	0.44296611	0.61398386	0.69059611	0.28067938	0.22728322	0.24153565	0.23224896	0.31706000	0.31072920	0.31534410	0.05812620	0.30777456	0.08848162	0.33994896	0.24958576	0.15067175	0.18632415	0.23158191	0.20874251	0.20432364	0.15634391	0.23545111	0.30835760	0.28973381	0.25203002	0.26672135	0.16753678	0.15159957	0.16961593	0.32657268	0.17500505	0.27037133	0.16880906	0.27992566	0.17176739	0.16702589	0.12759292	0.19463571	0.19368550	0.13313873	0.14504922	0.05458855	0.37746796	0.17066595	0.26373585	0.66174141	0.36183984	0.39093923	1.00000000	0.75144899	0.52180647	0.74934173	0.25179356	0.21724729	0.21745263	0.18276115	0.38465286	0.26661903	0.23611885	0.30534746	0.38909184	0.04936987	0.05252320	0.23620128	0.29498013	0.19801934	0.24376946	0.24115182	0.19660792	0.18046638	0.38792732	0.28709461	0.19754590	0.25927895	0.05201202	0.12103814	0.12887733	0.19809852	0.15374226	0.11714568	0.19240852	0.13296173	0.39639180	0.15377555	0.14859952	0.22779490	0.10741755	0.15116503	0.10878339	0.20982532	0.08026630	0.09331302	0.37215432	0.18073269
RH_Vis_6	0.34502022	0.54298885	0.73468727	0.40291183	0.60497760	0.78917379	0.45201263	0.62896966	0.73571671	0.30587432	0.25543206	0.25249771	0.31742989	0.39911522	0.34325654	0.33627913	0.09792889	0.35179019	0.18185237	0.35647169	0.34977569	0.15647540	0.27933772	0.20830136	0.19823331	0.15244468	0.16254401	0.18170168	0.37092300	0.27546426	0.20164477	0.26837083	0.12008807	0.11666560	0.09202031	0.36601615	0.14323543	0.27726032	0.18803180	0.25475070	0.17109057	0.14712205	0.08635406	0.15518716	0.15916748	0.09873952	0.06512521	0.03978820	0.44895106	0.18375676	0.36266753	0.65694098	0.36015424	0.36340746	0.75144897	1.00000000	0.55838985	0.73005003	0.28294468	0.24183290	0.22974092	0.22883654	0.42840479	0.32799439	0.33691870	0.32181577	0.41945784	0.12627227	0.10131500	0.30730571	0.41097294	0.20090271	0.34276164	0.27020462	0.22594800	0.18661171	0.44045094	0.28603423	0.18223454	0.29638387	0.07245207	0.15401587	0.11927973	0.16074326	0.15173740	0.12658841	0.18072572	0.09296354	0.45848669	0.20327574	0.18556614	0.28838937	0.14359617	0.17944724	0.09974672	0.21133010	0.12011326	0.15565569	0.49746232	0.24455811
RH_Vis_7	0.26890028	0.61459991	0.62364201	0.60707157	0.48861666	0.52348602	0.47439642	0.80432306	0.56866213	0.18728152	0.15622690	0.04636664	0.18673686	0.25879811	0.25835991	0.51544661	0.09273810	0.53998980	0.22450070	0.20273566	0.26810618	0.16133523	0.18436581	0.05067211	0.15755992	0.17844445	0.07711111	0.21822293	0.29377189	0.18108580	0.19450392	0.23484457	0.10912101	0.08313209	0.05915834	0.21158856	0.07477433	0.19398545	0.15069348	0.15049334	0.09130320	0.18942939	0.15294398	0.11986635	0.16284302	0.06212910	0.05455864	0.00749030	0.20256507	0.06285086	0.36465047	0.72525104	0.60390490	0.49879284	0.52180647	0.55838984	1.00000000	0.69514734	0.20295698	0.11140386	0.09690027	0.13497376	0.29334465	0.23102715	0.32078976	0.21979458	0.47594012	0.17967793	0.20874879	0.49755380	0.35109487	0.29178864	0.30195376	0.22493561	0.17294465	0.13847583	0.35505161	0.23258687	0.12698212	0.31800204	0.08967072	0.01607025	0.09409417	0.11175085	0.12668683	0.14444855	0.09200753	0.10622343	0.30776775	0.09598709	0.08101657	0.27593778	0.10250166	0.17194228	0.16496362	0.13322871	0.02779307	0.05250114	0.21976097	0.06769757
RH_Vis_8	0.27018550	0.61535877	0.74642658	0.45425982	0.60941162	0.75250060	0.50611673	0.77830336	0.81257971	0.21575578	0.14930434	0.15727087	0.22023400	0.33307254	0.29537147	0.34700495	0.01054111	0.36968607	0.10758030	0.29868942	0.23563809	0.08000794	0.15920408	0.19597456	0.13701013	0.17439320	0.08269109	0.17888381	0.39016628	0.26076421	0.20779118	0.23589167	0.09172708	0.08945426	0.05912043	0.38683689	0.13248136	0.24383001	0.12545004	0.22698325	0.12145776	0.15417878	0.09058130	0.14818971	0.18917703	0.04348792	0.03199251	-0.01571163	0.33003480	0.15050712	0.28830891	0.71008271	0.37906801	0.38265696	0.74934173	0.73005003	0.69514733	1.00000000	0.21751735	0.16286305	0.18694532	0.17211184	0.38671519	0.27269844	0.27543573	0.27253091	0.42318799	0.05512396	0.08787008	0.33113543	0.35319854	0.17161338	0.25067636	0.23236717	0.17045253	0.16096258	0.44962921	0.30132796	0.20216214	0.27908622	0.07179385	0.09076855	0.12670746	0.15947256	0.12911827	0.11204250	0.15007641	0.09403203	0.47509538	0.16353241	0.08597383	0.25348884	0.12207368	0.13162276	0.11500106	0.18278254	0.02459775	0.06105392	0.34512239	0.18426279
RH_SomMot_1	0.17270489	0.30963740	0.30282674	0.23948608	0.30979699	0.26812193	0.36323613	0.24163987	0.24410138	0.78702124	0.60116640	0.64399165	0.47898946	0.54796615	0.49507014	0.29457797	0.21798937	0.13116404	0.16959012	0.21115772	0.26462692	0.25599793	0.23329056	0.42749528	0.49918544	0.40385179	0.16632753	0.29869934	0.32656849	0.40938223	0.32830165	0.30878941	0.23018130	0.22766249	0.23747763	0.13380675	0.10841823	0.33838978	0.40810236	0.55526481	0.19654008	0.36353660	0.41070527	0.19697969	0.19214334	0.24598726	0.18692152	0.09802457	0.19020303	0.11461321	0.22981108	0.30615288	0.20596434	0.31416856	0.25179356	0.28294468	0.20295698	0.21751735	1.00000000	0.62169695	0.65650912	0.47234290	0.50315125	0.48454237	0.29442962	0.50305840	0.32454227	0.25286937	0.16718344	0.09321790	0.27279168	0.36554082	0.24949434	0.54513466	0.50062093	0.54461905	0.33174886	0.38214111	0.28993618	0.25662011	0.07576887	0.11111536	0.18148757	0.27117027	0.16604953	0.18145001	0.14532673	0.21915255	0.10009153	0.13148680	0.25164463	0.43269899	0.49297224	0.28804076	0.37296657	0.18636503	0.20827609	0.06434737	0.15762238	0.12135790
RH_SomMot_2	0.17320223	0.22088509	0.24592036	0.15018975	0.22423085	0.21777417	0.34183504	0.17793092	0.20767375	0.63782434	0.68188638	0.70779366	0.50268335	0.50326097	0.48587159	0.21779413	0.27535453	0.06742031	0.18542363	0.14774913	0.29885432	0.22762491	0.24110417	0.42406465	0.45891610	0.36428265	0.15246767	0.23906709	0.24872998	0.38493667	0.28319230	0.33465090	0.20153693	0.15566384	0.17115991	0.08138018	0.04424304	0.29356050	0.29328648	0.39852417	0.16745273	0.20830830	0.28312484	0.12293940	0.19944977	0.21332845	0.17066145	0.09439408	0.18181945	0.07973112	0.16745274	0.22302887	0.15267555	0.19342108	0.21724729	0.24183290	0.11140386	0.16286304	0.62169696	1.00000000	0.68436690	0.50281041	0.49803050	0.45111223	0.26891767	0.47279522	0.22397514	0.29091546	0.07012641	0.00660124	0.22371732	0.24158499	0.21695067	0.33328307	0.52479878	0.42044507	0.28255221	0.38909812	0.29706195	0.23405866	0.01832015	0.07684276	0.18268265	0.16998406	0.10565912	0.05460099	0.06298100	0.14385903	0.03716937	0.07749559	0.14336598	0.23885042	0.25594214	0.15310425	0.15949149	0.12546028	0.19572192	0.02649259	0.14545362	0.05029537
RH_SomMot_3	0.11800240	0.23255587	0.27014805	0.13526270	0.23482912	0.23801011	0.31816329	0.13774756	0.23776293	0.64115512	0.59085987	0.78406759	0.52304065	0.49601641	0.43049123	0.19867587	0.32537369	0.06037217	0.17800599	0.16106370	0.32430146	0.27068328	0.26644985	0.48480394	0.48579800	0.53706087	0.19152776	0.26656372	0.26809141	0.48029514	0.20620242	0.24917061	0.12423450	0.16983133	0.19327544	0.09848679	0.04389359	0.21561142	0.20509542	0.38571673	0.07056785	0.19026547	0.27174357	0.05508102	0.15421916	0.12315795	0.10305798	-0.01563648	0.09934915	-0.03084058	0.12111365	0.23585056	0.11543112	0.21767273	0.21745263	0.22974092	0.09690027	0.18694533	0.65650913	0.68436690	1.00000000	0.53531191	0.52333061	0.43323224	0.27829467	0.42585305	0.17463556	0.31362194	0.07296378	0.00018246	0.26863004	0.32968992	0.26441708	0.32293023	0.61667010	0.63411042	0.30490574	0.52753638	0.26679832	0.12558765	0.06001418	-0.03901517	0.08805480	0.21132299	0.17349890	0.00137123	0.04830551	0.14559544	0.03873968	0.01867047	0.03835704	0.16323092	0.18925860	0.10016497	0.21020485	0.02106878	0.06377784	-0.07099446	0.04935410	-0.06333934
RH_SomMot_4	0.12123516	0.13555405	0.13013307	0.07698669	0.15261896	0.20337485	0.30371440	0.15497250	0.19662169	0.49264665	0.47241515	0.55455604	0.83248315	0.48628722	0.39695304	0.13728975	0.25333806	0.04316103	0.11459492	0.10324194	0.25319361	0.19512065	0.18549696	0.26589591	0.26693950	0.22367311	0.07952608	0.05216866	0.20521449	0.30962818	0.16920501	0.18920708	0.16566325	0.11986856	0.19874139	0.04489903	-0.04642024	0.18286943	0.18257182	0.36838071	0.15199242	0.11456164	0.18959942	0.05554388	0.15363148	0.13271876	0.18393726	0.05090513	0.16654548	0.03215785	0.14488587	0.13606400	0.11528621	0.09896181	0.18276115	0.22883654	0.13497376	0.17211184	0.47234289	0.50281042	0.53531192	1.00000000	0.55272764	0.39471021	0.24107949	0.40351163	0.24430976	0.26852523	0.01162103	0.01588581	0.21212720	0.26146371	0.20894216	0.31825113	0.34730788	0.25166143	0.15281365	0.27045275	0.21761628	0.17115304	0.00940010	0.06528018	0.10398643	0.16163838	-0.02170208	0.08043319	-0.03709325	-0.06338466	-0.00232964	0.08290306	0.11875133	0.19673590	0.18357258	0.04957015	0.05642207	0.03991023	0.10065246	0.02898457	0.16214986	-0.00047174
RH_SomMot_5	0.13552193	0.34128041	0.37004056	0.25823625	0.33659495	0.40942971	0.37237986	0.33453300	0.39942901	0.51009560	0.47805604	0.50314607	0.57184161	0.54806177	0.45666000	0.24548129	0.23354049	0.19235900	0.15583915	0.18927819	0.27913809	0.17407204	0.27911026	0.32906357	0.32332693	0.28279519	0.12940771	0.14361703	0.28530699	0.45803834	0.26170998	0.30714314	0.18389984	0.11033156	0.13394965	0.11749436	-0.02071663	0.26644283	0.22997295	0.36683002	0.16208294	0.21795194	0.24619335	0.07468989	0.17938797	0.12335557	0.15929522	0.05892434	0.15362718	0.05256285	0.15109441	0.35780227	0.27583761	0.23991193	0.38465287	0.42840479	0.29334466	0.38671519	0.50315125	0.49803051	0.52333061	0.55272762	1.00000000	0.48975340	0.32928313	0.49821498	0.27149532	0.23466785	0.10757642	0.14559542	0.32330714	0.26733601	0.34346074	0.31005375	0.39781131	0.34561464	0.29694487	0.45491950	0.28339274	0.27717018	0.10038569	0.08530680	0.17201602	0.17843172	0.09269126	0.11499292	0.02198042	0.05475773	0.14198369	0.13146404	0.14061042	0.25018163	0.20022707	0.12813073	0.15493878	0.06058160	0.10830342	0.02863421	0.13135027	0.04076765
RH_SomMot_6	0.17137723	0.33961779	0.29448280	0.31529820	0.33872037	0.25636090	0.30038907	0.26976223	0.26658084	0.51475611	0.46025844	0.48063708	0.43014940	0.66731387	0.62219161	0.37054117	0.37713639	0.23144737	0.42721257	0.20096982	0.44401670	0.20097093	0.33231662	0.27523409	0.32720617	0.19286270	0.14712544	0.16003717	0.22879113	0.36999389	0.35011831	0.37460966	0.20686356	0.23769410	0.14527427	0.08536170	0.08138315	0.35465842	0.33444447	0.33263173	0.22827961	0.27170174	0.33491072	0.23588917	0.23229563	0.24446986	0.19126645	0.18456038	0.19427959	0.16466584	0.21393709	0.27300155	0.38218680	0.28565375	0.26661904	0.32799440	0.23102715	0.27269844	0.48454236	0.45111222	0.43323222	0.39471021	0.48975339	1.00000000	0.54596280	0.64481543	0.31778798	0.48134923	0.23948133	0.21505864	0.39203139	0.18934366	0.43660076	0.25341054	0.31598559	0.24595138	0.29846185	0.20759908	0.31219470	0.24393745	-0.03006706	0.16993707	0.24862750	0.17303651	0.12660873	0.12541427	0.12858990	0.11665337	0.05703689	0.08362516	0.28101287	0.31843367	0.31366622	0.22010673	0.19754314	0.23177515	0.21056251	0.11163280	0.14831183	0.12948596
RH_SomMot_7	0.08431788	0.30998516	0.31825363	0.22039330	0.25283843	0.25406451	0.26928240	0.31797426	0.28333649	0.28221539	0.29198381	0.26550146	0.28307508	0.43709107	0.42478203	0.32262379	0.35294001	0.32710765	0.45101697	0.20326741	0.51705892	0.16890994	0.33890616	0.19432303	0.21703456	0.16965791	0.15033917	0.12613791	0.26174178	0.20377626	0.17878239	0.24904859	0.08097301	0.18838358	0.09987875	0.13043872	0.05934324	0.20351658	0.17174786	0.15251252	0.12342666	0.23134202	0.20282787	0.08035984	0.12366147	0.09649289	0.08112150	0.02406638	0.10929245	0.07968983	0.19772080	0.29930028	0.37704994	0.20481836	0.23611886	0.33691869	0.32078975	0.27543574	0.29442962	0.26891767	0.27829467	0.24107949	0.32928313	0.54596280	1.00000000	0.43609940	0.27778297	0.49586224	0.29167586	0.33513987	0.51738325	0.20761146	0.46557382	0.13486120	0.32222037	0.20395773	0.28409944	0.16145541	0.16812885	0.21449613	0.03739816	0.07240315	0.14018859	0.13605092	0.17098269	0.10437142	0.05658883	0.02568447	0.11666874	0.04448191	0.11786858	0.15496820	0.16950666	0.16786532	0.12358918	0.06040699	0.07288839	0.04442866	0.06652823	0.04127076
RH_SomMot_8	0.20633883	0.37638858	0.31399724	0.29236215	0.38290822	0.29563800	0.31159363	0.27402871	0.25590388	0.48389129	0.48514430	0.46540226	0.41000276	0.64385412	0.81895211	0.36512895	0.23229628	0.19853939	0.28913288	0.24803486	0.43742805	0.20402973	0.30338734	0.24732650	0.29290826	0.18879171	0.19815928	0.15116751	0.34067017	0.40336858	0.39838847	0.39982332	0.34545597	0.25216389	0.18032328	0.07652214	0.10780137	0.43948331	0.41244204	0.40973230	0.31945625	0.29394982	0.39226205	0.27716292	0.28597237	0.31451631	0.32501341	0.23792643	0.23337825	0.22002796	0.23808524	0.29092021	0.33927587	0.28813934	0.30534747	0.32181578	0.21979458	0.27253091	0.50305839	0.47279523	0.42585305	0.40351163	0.49821497	0.64481542	0.43609940	1.00000000	0.31425050	0.29067742	0.19451505	0.17284885	0.40512139	0.16645959	0.32477904	0.34401955	0.26017399	0.21167571	0.43902704	0.28122802	0.35428520	0.29215857	-0.03174995	0.22735497	0.29262197	0.22629550	0.12420628	0.17577391	0.15002105	0.12461082	0.10601782	0.10961539	0.34628739	0.40087086	0.38095566	0.25168942	0.20136697	0.26819601	0.29513906	0.18633806	0.17981234	0.19517529
RH_DorsAttn_Post_1	0.42942564	0.42452436	0.38794486	0.38567105	0.34589318	0.40864727	0.58130573	0.47625998	0.40011366	0.31160080	0.24410330	0.26463807	0.27850337	0.28530597	0.32502212	0.52407871	0.17979891	0.38075331	0.20169859	0.44425907	0.27016655	0.24718407	0.28228090	0.25394447	0.17380126	0.15605880	0.22709575	0.29307143	0.44675491	0.24945891	0.29596280	0.30939591	0.26983400	0.23110671	0.17910463	0.28835731	0.22400286	0.36649923	0.25734137	0.41980166	0.37694430	0.19295259	0.17983192	0.30148909	0.24213339	0.29223874	0.20821815	0.32591005	0.48233532	0.36267631	0.46996985	0.43165204	0.53174694	0.24360163	0.38909182	0.41945784	0.47594013	0.42318799	0.32454228	0.22397514	0.17463555	0.24430975	0.27149530	0.31778799	0.27778298	0.31425049	1.00000000	0.22587073	0.21126901	0.40632422	0.42101584	0.31056549	0.35595264	0.47664973	0.22530798	0.14738694	0.45134304	0.25105957	0.20881659	0.36269942	0.11391193	0.31608411	0.16591164	0.18091319	0.20591061	0.30592698	0.26585126	0.19484983	0.38051519	0.44923928	0.33145487	0.41468992	0.30293248	0.23340909	0.22411955	0.32923499	0.32163888	0.39259703	0.49599695	0.39329073
RH_DorsAttn_Post_2	0.06082249	0.09813965	0.06527257	0.11461245	0.03716979	0.06240856	0.19776630	0.10164160	0.06506020	0.30138970	0.31463431	0.34535868	0.30511836	0.36219352	0.29899623	0.33662642	0.65320950	0.33102212	0.61542989	0.09453033	0.47761314	0.33570718	0.36759227	0.28319796	0.23446660	0.23942486	0.10655857	0.12287759	0.12345470	0.21033893	0.12348909	0.19263775	0.00178002	0.24308759	0.10676411	-0.02362414	-0.03617681	0.08633383	0.09127387	0.12265416	0.01967224	0.09452884	0.11104537	-0.02997145	0.00062017	-0.03048865	0.04042154	0.07052903	-0.01995654	-0.09813016	0.18741574	0.11170908	0.42348966	0.07876131	0.04936987	0.12627227	0.17967793	0.05512397	0.25286937	0.29091546	0.31362195	0.26852523	0.23466786	0.48134923	0.49586223	0.29067741	0.22587073	1.00000000	0.50132068	0.37774404	0.45789138	0.43451751	0.54688101	0.10616309	0.48687265	0.24338444	0.17822563	0.23254612	0.13541096	0.15582289	0.15314928	0.02638720	0.06566570	0.10921613	0.17263430	0.13760298	-0.02374380	0.07270654	-0.07762756	-0.02589195	0.03604611	0.05377580	0.06642393	0.05135418	0.11193428	0.00324356	0.01620446	0.08753316	-0.04452491	-0.08247867
RH_DorsAttn_Post_3	0.05001991	0.19810416	0.10294283	0.22098921	0.09672379	0.05287974	0.05082050	0.14063696	0.07309633	0.21034520	0.11004468	0.09588321	0.05064770	0.19589264	0.20809595	0.38715257	0.38901725	0.50007454	0.39147003	0.26844227	0.23943034	0.40562322	0.36993963	0.14166671	0.13005761	0.16159134	0.12036544	0.11745265	0.11455161	0.16643330	0.14388770	0.06476701	0.20613102	0.51726419	0.31231008	0.08325101	0.11016230	0.00032373	0.07582571	0.04369195	0.14218690	0.03532638	0.12423774	-0.13312426	0.13220417	-0.08128352	0.18516754	0.23445151	0.00226415	-0.01591118	0.14590187	0.16172005	0.42679419	0.17000402	0.05252319	0.10131500	0.20874880	0.08787008	0.16718343	0.07012641	0.07296376	0.01162103	0.10757641	0.23948133	0.29167586	0.19451505	0.21126900	0.50132067	1.00000000	0.63044576	0.38516096	0.51672289	0.49048631	0.11537595	0.26902827	0.13770374	0.20589024	0.19471248	0.27566354	0.17696459	0.38500870	0.38341322	0.41480651	0.45673258	0.33620602	0.52464023	0.22058803	0.19728695	0.22000936	0.09028974	0.25718803	0.05972750	0.11989104	0.04031342	0.18736104	-0.00487298	0.06711744	0.33216782	0.02795812	0.02779360
RH_DorsAttn_Post_4	0.23983769	0.39049992	0.31475343	0.34085450	0.23257604	0.23764025	0.21958053	0.41349175	0.32392239	0.12889372	0.08050566	0.00486748	0.06707330	0.23193868	0.19605115	0.54827593	0.25532481	0.71193450	0.39402044	0.42109201	0.34504760	0.31272528	0.39880494	0.03378972	0.04781850	0.11788041	0.09563418	0.10049985	0.28011214	0.13755099	0.19808360	0.13806830	0.22728577	0.43131556	0.18618614	0.30128878	0.19199420	0.08570050	0.09451402	0.05115078	0.17637862	0.00936552	0.04509650	-0.00618349	0.11214878	-0.03739390	0.09585882	0.22603402	0.20526654	0.13606747	0.31507044	0.42252180	0.59487875	0.25585317	0.23620128	0.30730571	0.49755380	0.33113543	0.09321789	0.00660123	0.00018245	0.01588581	0.14559543	0.21505866	0.33513987	0.17284885	0.40632422	0.37774404	0.63044576	1.00000000	0.49635185	0.41301011	0.51877308	0.10392146	0.16481547	0.06234667	0.28718942	0.17535498	0.20394054	0.26109733	0.17849210	0.33552766	0.25174734	0.30302716	0.23821856	0.40411012	0.26783097	0.10603782	0.45102639	0.09058380	0.24459851	0.13217181	0.09156396	0.03221463	0.10019118	0.09100905	0.02501398	0.34350757	0.27494747	0.18896781
RH_DorsAttn_Post_5	0.22076723	0.39459120	0.35492758	0.26661516	0.31467588	0.36808181	0.29920396	0.35735973	0.36830432	0.30263438	0.25205127	0.33246465	0.24139109	0.35289290	0.41354362	0.36958268	0.35874737	0.46890326	0.40990204	0.52233378	0.60790875	0.24038229	0.46705293	0.28285782	0.21462379	0.26753320	0.26268160	0.16115721	0.46364353	0.30463338	0.12296035	0.14815218	0.03655058	0.21901807	0.12739068	0.23085451	0.05283986	0.12278331	0.11303961	0.17653450	0.08351783	0.09467146	0.01212272	0.03587977	0.10027033	0.01087626	0.03201656	0.09479916	0.23649233	0.08263822	0.33833470	0.37824700	0.36717276	0.26416157	0.29498013	0.41097293	0.35109489	0.35319853	0.27279168	0.22371732	0.26863005	0.21212720	0.32330715	0.39203140	0.51738325	0.40512138	0.42101584	0.45789139	0.38516096	0.49635186	1.00000000	0.33422078	0.60441665	0.18502273	0.41886334	0.26670899	0.56059265	0.33914498	0.16495005	0.20993657	0.15528183	0.16264417	0.13876625	0.23010593	0.32655262	0.19903947	0.13311196	0.11414443	0.34467492	0.16933199	0.11105962	0.12015144	0.18558291	0.06124924	0.13089990	0.09088187	0.09669680	0.24886450	0.27295993	0.15425604
RH_DorsAttn_PrCv_1	0.05510264	0.21828771	0.18611407	0.19876913	0.13288263	0.18837876	0.22084211	0.21945286	0.14140729	0.39208767	0.21871870	0.33900976	0.24912208	0.19668598	0.15554899	0.38446791	0.41662135	0.37031616	0.27438830	0.18051643	0.26943078	0.56702061	0.29663188	0.35655162	0.30933161	0.46028596	0.14715366	0.26331828	0.16437012	0.29024926	0.10234692	0.03190677	0.05052105	0.28484148	0.39249869	-0.05767613	-0.07235025	-0.03948263	0.04193323	0.24494542	-0.06925596	0.06470140	0.15506082	-0.16675708	0.02327419	-0.11012939	0.07002526	0.02175346	-0.04514585	-0.21764328	0.15537147	0.24433090	0.39450665	0.19803585	0.19801934	0.20090271	0.29178864	0.17161338	0.36554082	0.24158499	0.32968993	0.26146371	0.26733601	0.18934365	0.20761146	0.16645959	0.31056549	0.43451751	0.51672290	0.41301011	0.33422078	1.00000000	0.41135120	0.33298971	0.49404924	0.45098600	0.20219497	0.43736303	0.20302338	0.06717433	0.37288406	0.03237846	0.16647556	0.52652605	0.29655890	0.40119894	-0.02160892	0.21765743	0.03541330	0.04397415	0.07331389	0.10241965	0.14616658	0.09732937	0.34990954	-0.08803932	-0.00275224	0.10730422	-0.01446994	-0.16843769
RH_DorsAttn_FEF_1	0.11169488	0.26165842	0.27121065	0.21241543	0.24051575	0.25415982	0.25917545	0.25530357	0.25611212	0.29308907	0.23112401	0.31759647	0.26016966	0.35894058	0.30172136	0.37856891	0.45959888	0.48389995	0.49784205	0.41707347	0.53557625	0.31583664	0.61615372	0.34695683	0.23218779	0.31571847	0.23938693	0.18672277	0.32254239	0.39925381	0.15076913	0.15573054	0.02893730	0.31234196	0.20076300	0.15516415	0.02300627	0.05546942	0.02050219	0.12306256	0.08782268	0.09420603	0.06307308	-0.09767155	0.15677462	-0.03833410	0.08269596	0.14523861	0.09765869	-0.01868704	0.23651510	0.32551044	0.41926985	0.19364153	0.24376946	0.34276163	0.30195376	0.25067636	0.24949434	0.21695068	0.26441708	0.20894216	0.34346075	0.43660076	0.46557384	0.32477906	0.35595264	0.54688100	0.49048631	0.51877308	0.60441664	0.41135120	1.00000000	0.11093629	0.45620603	0.31137769	0.39575983	0.44669167	0.22848984	0.20438631	0.31998455	0.14956874	0.19488848	0.25322100	0.34829750	0.24377625	0.07163532	0.08862773	0.22814331	0.17682169	0.13100802	0.12009603	0.05913075	0.03518477	0.19535902	-0.01405723	0.05670138	0.24973892	0.12021812	0.02338771
RH_SalVentAttn_TempOccPar_1	0.19316108	0.31469735	0.22522464	0.30282161	0.24079206	0.24626089	0.39612943	0.26825628	0.21727576	0.51898347	0.34517340	0.38020342	0.34410691	0.30715879	0.34828659	0.28749576	0.07126120	0.09242950	0.04288447	0.21729401	0.08134138	0.24774868	0.10494156	0.33183812	0.27007025	0.26803939	0.27310017	0.30171361	0.33810510	0.28723563	0.28558740	0.27573077	0.24611489	0.15325039	0.23342171	0.15088949	0.18880787	0.36558030	0.40847835	0.60386191	0.32061045	0.34234881	0.37281395	0.24357406	0.24829776	0.29745350	0.31620858	0.19517684	0.27651623	0.23270423	0.22088121	0.27070699	0.27747865	0.24954673	0.24115182	0.27020462	0.22493561	0.23236719	0.54513466	0.33328307	0.32293024	0.31825113	0.31005375	0.25341054	0.13486120	0.34401955	0.47664974	0.10616309	0.11537595	0.10392145	0.18502273	0.33298970	0.11093629	1.00000000	0.29924444	0.28500790	0.29073761	0.28863325	0.31108375	0.32493216	0.19508183	0.23326702	0.24442128	0.22947088	0.31863487	0.41800737	0.17415833	0.32386812	0.20831924	0.42078624	0.30316737	0.51819928	0.62943050	0.36484014	0.46171237	0.25983694	0.39736151	0.24335764	0.26934888	0.26975171
RH_SalVentAttn_TempOccPar_2	-0.05161581	0.15759253	0.18301220	0.15566300	0.16976555	0.20502323	0.29108710	0.17065371	0.21171918	0.53013381	0.50421104	0.63842811	0.34738775	0.30027670	0.27836494	0.22707848	0.50863525	0.18986499	0.28644517	0.14269609	0.38287610	0.35532038	0.34404644	0.62289346	0.48099742	0.53286963	0.19459002	0.32236215	0.25574518	0.36788969	0.10899501	0.18691358	-0.06755210	0.13977595	0.16469081	0.07609922	-0.01244301	0.03908500	0.05343586	0.25460338	-0.07279599	0.14769817	0.13902626	-0.10036409	0.01413839	-0.03787913	0.02584439	-0.09689840	-0.02915802	-0.15722219	0.07025399	0.19432349	0.22855159	0.17463424	0.19660792	0.22594799	0.17294466	0.17045253	0.50062094	0.52479878	0.61667011	0.34730788	0.39781131	0.31598560	0.32222037	0.26017399	0.22530797	0.48687265	0.26902827	0.16481547	0.41886334	0.49404924	0.45620603	0.29924444	1.00000000	0.62188210	0.35170330	0.56207341	0.17778706	0.13390335	0.31202387	-0.12188040	0.00784184	0.23295751	0.26781507	0.06738544	-0.00291950	0.17975062	0.01558333	0.00967716	-0.10663097	0.08307873	0.08654132	0.07330837	0.27234383	-0.10873019	-0.02428827	-0.06406161	-0.02955379	-0.16260662
RH_SalVentAttn_FrOperIns_1	0.00254339	0.14695033	0.24320517	0.14593163	0.16143743	0.18617483	0.17938117	0.12486388	0.19005315	0.51739795	0.41460005	0.57020500	0.23590650	0.25530305	0.23526510	0.18355682	0.29416084	0.10837457	0.14404662	0.10289836	0.29722361	0.25448705	0.23980423	0.48976325	0.55284174	0.72264812	0.24579151	0.45828454	0.23632611	0.42454997	0.05123588	0.08738319	-0.05935759	0.07136000	0.15287011	0.08166552	0.05340398	0.01559873	0.05812064	0.21677976	-0.14688321	0.27721172	0.20689319	-0.03802670	-0.01222885	-0.02490102	-0.06213309	-0.15089428	-0.06662397	-0.18188363	0.10359218	0.22608677	0.11754495	0.25039923	0.18046638	0.18661171	0.13847583	0.16096258	0.54461904	0.42044507	0.63411044	0.25166144	0.34561464	0.24595138	0.20395773	0.21167572	0.14738694	0.24338443	0.13770374	0.06234668	0.26670900	0.45098600	0.31137768	0.28500790	0.62188210	1.00000000	0.32463546	0.61755833	0.12492646	0.05759719	0.27807815	-0.21391732	-0.02127722	0.26222151	0.32598955	0.00763767	0.07463814	0.35136986	0.02373379	0.00235693	-0.09358420	0.11111273	0.18102860	0.21352996	0.43272255	-0.11328499	-0.05895000	-0.14739550	-0.04744335	-0.17460399
RH_SalVentAttn_Med_1	0.32477583	0.42830193	0.42985089	0.31000440	0.40076324	0.39833035	0.32170960	0.41226666	0.46057672	0.30817050	0.28122466	0.31318768	0.18082119	0.32790763	0.44522852	0.32237370	0.12740862	0.30949048	0.14057406	0.45412937	0.35337871	0.10864837	0.30333397	0.39462744	0.29784883	0.31156209	0.30745270	0.29441735	0.65456897	0.34181231	0.24811348	0.32438222	0.11881796	0.17908666	0.04915851	0.40408388	0.29572969	0.26955357	0.13775800	0.25250513	0.21669216	0.21346861	0.05704325	0.15922030	0.23262556	0.12649110	0.11876931	0.17507200	0.34549702	0.23235521	0.28628915	0.40150998	0.26777338	0.25875958	0.38792732	0.44045093	0.35505162	0.44962921	0.33174887	0.28255221	0.30490575	0.15281365	0.29694487	0.29846185	0.28409944	0.43902704	0.45134304	0.17822563	0.20589023	0.28718942	0.56059263	0.20219498	0.39575982	0.29073762	0.35170329	0.32463548	1.00000000	0.49703613	0.23936176	0.29181325	0.22507630	0.17831091	0.15309263	0.20477556	0.32530597	0.17580817	0.38771184	0.24796675	0.45642263	0.28595831	0.14038631	0.29521665	0.21743016	0.16716541	0.20554213	0.23246412	0.17035870	0.24454015	0.36283642	0.29256843
RH_SalVentAttn_Med_2	0.07702632	0.27101570	0.28850026	0.18155303	0.25273153	0.28465813	0.28965042	0.23153961	0.32153946	0.40514250	0.36131064	0.51803453	0.29655845	0.28221464	0.30660596	0.25025695	0.29457377	0.24531091	0.16145153	0.29181373	0.30520088	0.32661196	0.41315298	0.55094643	0.42896611	0.63404821	0.37440199	0.49791439	0.42292320	0.62899466	0.15741878	0.18908260	0.07085912	0.19550253	0.18607682	0.23621741	0.15800983	0.07474109	0.03250513	0.24423278	0.01713249	0.22541504	0.16251414	-0.07271635	0.14998907	0.01483580	0.09174535	0.02170398	0.05032009	-0.05566669	0.11176911	0.29170791	0.21583339	0.23364341	0.28709462	0.28603422	0.23258687	0.30132796	0.38214111	0.38909811	0.52753638	0.27045275	0.45491950	0.20759908	0.16145541	0.28122802	0.25105957	0.23254613	0.19471249	0.17535498	0.33914498	0.43736303	0.44669167	0.28863325	0.56207339	0.61755833	0.49703614	1.00000000	0.22752024	0.15279345	0.35450727	-0.04803506	0.07671728	0.24742048	0.35345252	0.15922941	0.13802023	0.32755171	0.21927745	0.14385623	-0.04519918	0.16950966	0.13468618	0.15450460	0.36850607	-0.07175035	0.05037738	0.05034759	0.07326571	-0.04486440
RH_Limbic_OFC_1	0.09542303	0.28202212	0.18949815	0.23397147	0.22128496	0.19744903	0.18846998	0.20243156	0.25143124	0.29954327	0.30133856	0.24819168	0.22373435	0.33195163	0.36258485	0.25363489	0.03470067	0.14291727	0.07369138	0.19352296	0.09689385	0.12195843	0.17640426	0.10645989	0.13087126	0.10129194	0.16080399	0.15373601	0.20754420	0.26034382	0.60320907	0.38876003	0.30782054	0.26874040	0.18331448	0.17502746	0.23504186	0.39317314	0.27167562	0.27646939	0.35990778	0.31031675	0.30639216	0.25278021	0.41229775	0.25794885	0.30417573	0.23163990	0.16959357	0.27548273	0.11503072	0.20510471	0.21632166	0.24116413	0.19754590	0.18223454	0.12698212	0.20216213	0.28993618	0.29706195	0.26679832	0.21761628	0.28339274	0.31219470	0.16812885	0.35428520	0.20881659	0.13541096	0.27566354	0.20394054	0.16495005	0.20302338	0.22848984	0.31108375	0.17778706	0.12492646	0.23936177	0.22752025	1.00000000	0.37931939	0.19449639	0.39830307	0.51559340	0.37776165	0.28647433	0.39986754	0.25229134	0.23238182	0.28064387	0.30193134	0.41188069	0.28766300	0.35508922	0.37188720	0.33208128	0.38755723	0.33014152	0.26730377	0.15801576	0.26298964
RH_Limbic_TempPole_1	0.27958825	0.37018010	0.30233634	0.27492165	0.31052928	0.25538033	0.28957192	0.34518641	0.25759566	0.22964475	0.30330857	0.13748200	0.20819166	0.30064323	0.33821289	0.33535087	0.04951398	0.23446401	0.13943624	0.19379258	0.16545820	0.01934033	0.22120340	0.09513175	0.20497118	0.00682018	0.08243445	0.12957670	0.30700621	0.19386830	0.44606832	0.60615386	0.35292260	0.11152206	0.04519657	0.21327051	0.25341756	0.50437868	0.36716630	0.27697179	0.41399747	0.34158900	0.28977498	0.34149226	0.31904381	0.34103474	0.23746789	0.24142703	0.28662999	0.36802328	0.32962781	0.37029600	0.34552921	0.26628246	0.25927894	0.29638387	0.31800204	0.27908622	0.25662011	0.23405866	0.12558765	0.17115304	0.27717017	0.24393745	0.21449613	0.29215857	0.36269941	0.15582289	0.17696459	0.26109733	0.20993657	0.06717434	0.20438631	0.32493217	0.13390334	0.05759718	0.29181325	0.15279345	0.37931941	1.00000000	0.04005659	0.36251899	0.28014318	0.12822119	0.08904271	0.28303859	0.26179528	0.15602571	0.26381981	0.34243668	0.41975409	0.50286189	0.40451603	0.35619027	0.24943998	0.41389813	0.38975722	0.28751789	0.28157632	0.37300921
RH_Cont_Par_1	-0.13059432	0.02544644	0.02401364	0.08829862	0.02611396	0.06202484	0.03576432	0.06542101	0.09518538	0.15709286	0.05294448	0.08340116	0.03406520	0.00102426	-0.02631488	0.07701973	0.24982220	0.14066110	0.08767390	0.15839518	0.06912067	0.18707384	0.19031841	0.39420093	0.15778062	0.33758476	0.28309681	0.25857579	0.17017621	0.21753448	-0.00228879	-0.06686207	-0.02095814	0.20839034	0.21570160	0.08478848	0.12722579	-0.12588860	-0.02216164	0.06174795	0.07362693	0.07155827	0.04868464	-0.22832351	0.11899343	-0.09019775	0.11812045	0.02310837	-0.11451699	-0.14072234	-0.07576107	0.02776953	0.10067222	0.02971981	0.05201202	0.07245207	0.08967072	0.07179385	0.07576887	0.01832015	0.06001417	0.00940011	0.10038569	-0.03006706	0.03739816	-0.03174996	0.11391194	0.15314928	0.38500869	0.17849209	0.15528183	0.37288407	0.31998456	0.19508183	0.31202385	0.27807816	0.22507631	0.35450727	0.19449640	0.04005658	1.00000000	0.10846339	0.24803465	0.29171430	0.41053124	0.36629603	0.16208206	0.28022834	0.13289530	0.34224658	0.08984820	-0.01451552	0.06138229	0.07789401	0.28311798	-0.10749734	0.08061397	0.15738366	-0.09860933	-0.10307601
RH_Cont_Par_2	0.22184320	0.26424102	0.09924390	0.16650277	0.20843592	0.13398110	0.12583903	0.10090434	0.15084403	0.11777807	0.07762516	0.04073649	0.11186420	0.18984498	0.24308625	0.18861871	-0.13425682	0.12711420	-0.00454568	0.35456117	-0.02172706	0.05403822	0.15943457	-0.08295945	-0.07569560	-0.23297756	0.11520428	0.00737825	0.21850171	0.06941885	0.32743970	0.25555963	0.48502836	0.39053109	0.20600121	0.30010283	0.39928996	0.41700868	0.32049832	0.20699459	0.65260465	0.08984876	0.17254228	0.30014366	0.43234725	0.38082487	0.39091689	0.51886748	0.42282277	0.55861991	0.22089544	0.13114758	0.16573219	0.07930079	0.12103813	0.15401587	0.01607025	0.09076855	0.11111536	0.07684276	-0.03901517	0.06528019	0.08530680	0.16993707	0.07240314	0.22735496	0.31608410	0.02638719	0.38341321	0.33552764	0.16264417	0.03237846	0.14956875	0.23326702	-0.12188040	-0.21391731	0.17831091	-0.04803505	0.39830308	0.36251900	0.10846339	1.00000000	0.64070660	0.37310810	0.20797430	0.55682067	0.50794921	0.23128199	0.49961294	0.55416311	0.65746183	0.28457263	0.35050390	0.18809930	0.08644895	0.50011637	0.52045039	0.67556900	0.46665041	0.60286527
RH_Cont_PFCl_1	0.06054585	0.28949976	0.13655275	0.22783548	0.22826000	0.11656945	0.11749598	0.14603425	0.12459405	0.21491112	0.12557003	0.12321019	0.11565698	0.24700887	0.31342680	0.17511965	-0.03458554	0.09771112	0.06865492	0.23644545	0.05308016	0.14960996	0.13532110	-0.00399056	0.06736914	-0.02359487	0.22743925	0.06462848	0.14339470	0.14470559	0.31198087	0.20389197	0.38335339	0.34374798	0.28397822	0.14238285	0.23310733	0.30355348	0.29547872	0.15127360	0.43742953	0.18136096	0.32132980	0.16040120	0.51806953	0.30549184	0.34957516	0.33541674	0.17733253	0.28009489	0.09727113	0.19355824	0.23489106	0.19552069	0.12887733	0.11927973	0.09409417	0.12670745	0.18148757	0.18268265	0.08805480	0.10398643	0.17201601	0.24862750	0.14018859	0.29262198	0.16591165	0.06566570	0.41480651	0.25174734	0.13876625	0.16647557	0.19488848	0.24442128	0.00784183	-0.02127722	0.15309264	0.07671727	0.51559340	0.28014316	0.24803466	0.64070659	1.00000000	0.55245818	0.41995829	0.61727787	0.36237736	0.37391443	0.31390504	0.37763626	0.57658520	0.20415041	0.38987790	0.31318576	0.34123321	0.36665448	0.51296069	0.54386743	0.19043381	0.30141180
RH_Cont_PFCl_2	-0.00391775	0.23301601	0.18489741	0.12441748	0.20125902	0.17834921	0.11262970	0.13565371	0.15683418	0.28001474	0.16446632	0.21480213	0.14008365	0.19624865	0.20416270	0.21554554	0.07722375	0.20998310	0.04914483	0.21347304	0.09942852	0.35401935	0.16463313	0.16689424	0.18317514	0.23848045	0.18299052	0.13396066	0.10867985	0.21041577	0.16496771	0.04007199	0.20285598	0.37830305	0.48009770	0.10457069	0.10748574	0.04134768	0.09763772	0.16963795	0.11555990	0.04895413	0.20156306	-0.09530565	0.22182438	0.01250311	0.15823062	0.08941409	0.06948123	-0.01560828	0.05035534	0.17737392	0.18406733	0.21042272	0.19809852	0.16074326	0.11175086	0.15947256	0.27117029	0.16998406	0.21132299	0.16163837	0.17843172	0.17303651	0.13605092	0.22629549	0.18091319	0.10921614	0.45673258	0.30302716	0.23010593	0.52652604	0.25322100	0.22947087	0.23295751	0.26222151	0.20477555	0.24742049	0.37776166	0.12822119	0.29171430	0.37310810	0.55245818	1.00000000	0.40209087	0.49958581	0.24353056	0.27314051	0.25187421	0.12005494	0.31148793	0.07477558	0.21312772	0.14649018	0.31028781	0.05942807	0.15207779	0.28676286	0.11013461	0.04287684
RH_Cont_PFCl_3	-0.00234217	0.19231102	0.14441411	0.19778183	0.20374346	0.14311605	0.09165202	0.12353461	0.13513963	0.23223224	0.08215109	0.17637373	0.01083351	0.11180618	0.15148915	0.13943878	0.11088846	0.12361644	0.13128551	0.29069633	0.17849741	0.17018708	0.13875432	0.26356978	0.15198523	0.33800393	0.55639356	0.37050820	0.27147486	0.22281419	0.01653854	0.02472106	0.05615616	0.17381905	0.17345921	0.18987285	0.19059263	0.02565132	0.11395563	0.14477543	0.09638606	0.18860001	0.13331794	-0.01900449	0.25799604	0.12592900	0.12904636	0.10708318	0.03764474	0.01843657	0.08391524	0.14450210	0.20740940	0.20699653	0.15374225	0.15173740	0.12668683	0.12911828	0.16604953	0.10565912	0.17349890	-0.02170208	0.09269127	0.12660873	0.17098269	0.12420628	0.20591061	0.17263430	0.33620600	0.23821856	0.32655262	0.29655890	0.34829750	0.31863486	0.26781506	0.32598955	0.32530597	0.35345252	0.28647432	0.08904270	0.41053124	0.20797430	0.41995829	0.40209086	1.00000000	0.45647587	0.23502174	0.48347914	0.31426123	0.34557125	0.14589442	0.09395027	0.28270040	0.25095094	0.41289560	0.12460322	0.34885170	0.37025932	0.10122076	0.10627325
RH_Cont_PFCl_4	0.11087771	0.27332297	0.11339857	0.19164815	0.18810686	0.09676899	0.12824178	0.18735618	0.10661389	0.24113200	0.08271332	0.07810762	0.09689745	0.13730551	0.18736703	0.26403759	0.02485127	0.24383334	0.09803845	0.27925591	0.02235498	0.31964867	0.16833389	0.10526310	0.05253976	0.04365729	0.24358260	0.16203400	0.17754637	0.16107277	0.22160391	0.13796980	0.34835286	0.39678136	0.34707584	0.15103873	0.25212114	0.21034708	0.24918644	0.24276929	0.35894125	0.13628762	0.23955927	0.04808243	0.29766773	0.20579788	0.41103388	0.31959937	0.17021280	0.22326171	0.10969817	0.18525260	0.29243382	0.11751684	0.11714568	0.12658841	0.14444856	0.11204250	0.18145001	0.05460100	0.00137123	0.08043319	0.11499292	0.12541427	0.10437142	0.17577392	0.30592697	0.13760298	0.52464023	0.40411011	0.19903947	0.40119894	0.24377625	0.41800737	0.06738545	0.00763767	0.17580816	0.15922941	0.39986753	0.28303859	0.36629602	0.55682067	0.61727786	0.49958579	0.45647587	1.00000000	0.33767587	0.35349674	0.34250819	0.44405100	0.49281313	0.24455025	0.41783794	0.23724580	0.38872033	0.24528411	0.45037572	0.53236194	0.21924643	0.28717434
RH_Cont_Cing_1	0.27104437	0.26346472	0.18865074	0.22666626	0.25152164	0.16762774	0.13637420	0.16342259	0.27268344	0.13239122	0.16146203	0.06261638	-0.02421580	0.16297486	0.21146271	0.16769955	-0.10900641	0.18224618	-0.05539615	0.31455772	0.01680481	-0.07114592	0.06613246	0.03023400	0.11959371	0.02428819	0.15537222	0.30185974	0.35943057	0.09856806	0.24774344	0.25300987	0.28691629	0.25083889	0.04345238	0.60756564	0.76912144	0.28716786	0.22188192	0.07775465	0.43190246	0.21443427	0.04923594	0.38152140	0.25799480	0.30426200	0.18914093	0.30618662	0.44686100	0.53060051	0.23908906	0.17271336	0.16687420	0.14231844	0.19240852	0.18072572	0.09200753	0.15007641	0.14532673	0.06298100	0.04830552	-0.03709325	0.02198043	0.12858990	0.05658884	0.15002105	0.26585126	-0.02374380	0.22058803	0.26783096	0.13311197	-0.02160892	0.07163533	0.17415833	-0.00291951	0.07463814	0.38771184	0.13802023	0.25229134	0.26179528	0.16208206	0.50794922	0.36237736	0.24353057	0.23502175	0.33767587	1.00000000	0.45554019	0.60718539	0.32888438	0.37461018	0.21830529	0.26247840	0.26993328	0.09657247	0.46633340	0.37403492	0.39856479	0.46812391	0.58043735
RH_Cont_PFCmp_1	0.10826634	0.18361515	0.11908300	0.25326033	0.17211622	0.13755269	0.18803739	0.13692006	0.12197699	0.26093540	0.18261965	0.17880975	-0.06272735	0.10569741	0.17161490	0.14708594	0.05561824	0.06259981	0.04397215	0.11988676	0.03615471	0.11047152	0.05289757	0.20614272	0.27629056	0.37462220	0.36622872	0.65144353	0.24333485	0.20716684	0.10721662	0.18990243	0.15238312	0.08821061	0.09621587	0.22295095	0.43168901	0.18744729	0.18669013	0.13410507	0.17505002	0.38777099	0.21514328	0.31677975	0.24559963	0.35662855	0.12942934	0.22960486	0.17133371	0.18626358	0.09829599	0.12170010	0.20291122	0.18500200	0.13296173	0.09296354	0.10622343	0.09403203	0.21915255	0.14385903	0.14559545	-0.06338466	0.05475773	0.11665337	0.02568447	0.12461082	0.19484983	0.07270654	0.19728695	0.10603782	0.11414442	0.21765741	0.08862773	0.32386810	0.17975062	0.35136987	0.24796674	0.32755171	0.23238182	0.15602570	0.28022835	0.23128199	0.37391443	0.27314051	0.48347914	0.35349674	0.45554018	1.00000000	0.23134457	0.26999622	0.21666253	0.14461109	0.32178087	0.40208739	0.38230680	0.38205146	0.45476834	0.35768344	0.18992185	0.23769569
RH_Cont_pCun_1	0.32046284	0.41389905	0.43089618	0.28145560	0.41197846	0.42017586	0.28993734	0.41883087	0.56456194	0.11451259	0.03272867	0.08539289	0.05287502	0.14606611	0.15013965	0.18009203	-0.14258273	0.35058135	-0.02811973	0.58059840	0.08644479	-0.00791079	0.19718511	0.08066158	0.00765797	0.03045002	0.17625147	0.17107054	0.49500367	0.17513973	0.20210453	0.21893855	0.19162686	0.29067971	0.08614716	0.75734190	0.52782316	0.28315325	0.15857021	0.15596159	0.38987044	0.12805463	-0.05555912	0.21098144	0.29245703	0.15237229	0.16058068	0.22168465	0.55486370	0.56861430	0.31957080	0.39730315	0.20901959	0.19152849	0.39639181	0.45848669	0.30776774	0.47509537	0.10009153	0.03716936	0.03873968	-0.00232964	0.14198369	0.05703690	0.11666874	0.10601784	0.38051520	-0.07762756	0.22000937	0.45102640	0.34467491	0.03541330	0.22814331	0.20831925	0.01558334	0.02373379	0.45642263	0.21927745	0.28064387	0.26381981	0.13289529	0.49961294	0.31390504	0.25187422	0.31426123	0.34250820	0.60718540	0.23134457	1.00000000	0.40544922	0.30132445	0.23105178	0.20890617	0.17153774	0.09520665	0.34249794	0.24427026	0.40064986	0.62943162	0.63256563
RH_Default_Par_1	0.21080683	0.21943668	0.17102739	0.18234888	0.18729562	0.17265968	0.26209191	0.18181445	0.21585195	0.14827714	0.08864032	0.09327333	0.14132683	0.11298623	0.10270375	0.13838405	-0.07517353	0.01767084	-0.05146208	0.34931254	-0.00582644	-0.03974521	0.12381010	0.14581758	0.00848887	-0.02218800	0.26656837	0.19457034	0.31852246	0.13686109	0.23777437	0.23422841	0.26636332	0.12734903	0.13130621	0.24933661	0.28645156	0.36769647	0.25046397	0.33242775	0.53825837	0.19611239	0.15264917	0.27189263	0.35366619	0.37105735	0.29366450	0.37860879	0.35199725	0.46206677	0.24705918	0.17869183	0.11909790	0.05791603	0.15377555	0.20327574	0.09598709	0.16353240	0.13148680	0.07749560	0.01867047	0.08290306	0.13146405	0.08362516	0.04448191	0.10961540	0.44923929	-0.02589195	0.09028974	0.09058380	0.16933200	0.04397415	0.17682169	0.42078623	0.00967716	0.00235692	0.28595831	0.14385623	0.30193133	0.34243668	0.34224658	0.55416312	0.37763626	0.12005495	0.34557127	0.44405100	0.32888438	0.26999623	0.40544923	1.00000000	0.48281349	0.34048520	0.39500923	0.25914053	0.28271901	0.42272406	0.54361648	0.52705540	0.37783353	0.53732332
RH_Default_Temp_1	0.25176321	0.31521106	0.18265255	0.23235192	0.27482875	0.14827441	0.16390056	0.16540020	0.11532495	0.22932411	0.17076621	0.10535702	0.12060460	0.28630976	0.35634324	0.31185966	-0.08837526	0.12656457	0.07604414	0.27404561	0.06099930	0.10516027	0.15225099	-0.04034010	0.09877133	-0.13114309	0.09940189	0.05760518	0.15137494	0.11530391	0.42537020	0.34164322	0.54180168	0.30197466	0.21150211	0.14825536	0.30436952	0.53369770	0.46007355	0.31762943	0.57059589	0.28252784	0.36908930	0.43206692	0.41313856	0.46999794	0.37461186	0.44638670	0.36213207	0.49367480	0.30071721	0.21728041	0.25886411	0.14855965	0.14859952	0.18556614	0.08101657	0.08597383	0.25164463	0.14336598	0.03835704	0.11875133	0.14061042	0.28101288	0.11786857	0.34628739	0.33145487	0.03604610	0.25718804	0.24459851	0.11105962	0.07331389	0.13100802	0.30316737	-0.10663097	-0.09358421	0.14038631	-0.04519918	0.41188070	0.41975409	0.08984822	0.65746184	0.57658518	0.31148791	0.14589442	0.49281313	0.37461018	0.21666253	0.30132446	0.48281350	1.00000000	0.46215841	0.52311197	0.36790283	0.21234932	0.54963788	0.54997742	0.55948768	0.36377538	0.52354919
RH_Default_Temp_2	0.33432452	0.33676269	0.25678510	0.34909683	0.32335322	0.22762931	0.31544432	0.30589049	0.22368842	0.31882619	0.28259137	0.18547398	0.22932463	0.35924281	0.41249204	0.34296438	0.00101073	0.12929511	0.10188830	0.22616948	0.08313660	0.07465385	0.15950626	0.14775897	0.26381415	0.05623764	0.11270770	0.19957495	0.35988749	0.24566826	0.45927707	0.49426133	0.34591484	0.11484934	0.12326755	0.19325529	0.23670037	0.54823739	0.44625668	0.46051404	0.40759786	0.44238203	0.41059388	0.45438414	0.28537997	0.39974320	0.28555109	0.31153077	0.38355840	0.42135808	0.37635033	0.29860705	0.30309482	0.26839233	0.22779490	0.28838938	0.27593780	0.25348884	0.43269898	0.23885043	0.16323091	0.19673590	0.25018162	0.31843367	0.15496820	0.40087087	0.41468993	0.05377580	0.05972750	0.13217180	0.12015144	0.10241966	0.12009603	0.51819927	0.08307872	0.11111273	0.29521665	0.16950967	0.28766300	0.50286189	-0.01451552	0.28457263	0.20415041	0.07477558	0.09395027	0.24455025	0.21830529	0.14461109	0.23105179	0.34048518	0.46215841	1.00000000	0.56166005	0.47996093	0.35306106	0.43298095	0.42769505	0.29989531	0.36059492	0.42812788
RH_Default_Temp_3	0.13357634	0.28848161	0.17768274	0.21073045	0.23189852	0.11369863	0.20166269	0.15509345	0.09795977	0.42585634	0.27664187	0.24264832	0.18739833	0.33686336	0.39340180	0.25560945	-0.02899302	0.06497923	0.09773666	0.20962229	0.12071268	0.09751738	0.08823946	0.14019158	0.21560051	0.11006666	0.22682033	0.17954075	0.22978181	0.22127417	0.32595008	0.33217390	0.31293829	0.11434496	0.11444974	0.13887176	0.20793468	0.53046671	0.59007350	0.49491320	0.37021711	0.46259318	0.44723355	0.39732001	0.32282157	0.43546398	0.27677896	0.22637024	0.22962967	0.34617520	0.17063362	0.20724731	0.20938948	0.21046595	0.10741755	0.14359617	0.10250166	0.12207366	0.49297223	0.25594214	0.18925860	0.18357258	0.20022707	0.31366622	0.16950667	0.38095567	0.30293247	0.06642393	0.11989104	0.09156396	0.18558292	0.14616658	0.05913075	0.62943050	0.08654131	0.18102860	0.21743015	0.13468618	0.35508922	0.40451603	0.06138229	0.35050391	0.38987790	0.21312772	0.28270040	0.41783795	0.26247841	0.32178087	0.20890617	0.39500924	0.52311198	0.56166007	1.00000000	0.48314172	0.51547835	0.42899061	0.56222353	0.29203309	0.22350521	0.38047328
RH_Default_PFCv_1	0.17232878	0.26525511	0.18765705	0.29231661	0.23504888	0.14320308	0.18902766	0.20548400	0.14803324	0.23856957	0.17828255	0.08261851	0.03819481	0.18133547	0.28869106	0.21826774	-0.02854261	0.02500506	0.04875580	0.06890495	0.06523685	0.01544180	0.05784213	0.05170172	0.28493770	0.13639819	0.20081968	0.34280075	0.20472820	0.18776698	0.35742292	0.35088879	0.21768677	0.01350455	0.00849359	0.15221167	0.26844151	0.40880773	0.35217002	0.19972441	0.25878633	0.61785188	0.40848120	0.49088426	0.21072004	0.45817152	0.15148796	0.17920962	0.24924072	0.31572546	0.22360591	0.18133232	0.21690616	0.21328808	0.15116504	0.17944723	0.17194228	0.13162275	0.28804076	0.15310425	0.10016497	0.04957015	0.12813073	0.22010672	0.16786532	0.25168942	0.23340909	0.05135417	0.04031341	0.03221463	0.06124924	0.09732937	0.03518478	0.36484013	0.07330838	0.21352996	0.16716540	0.15450460	0.37188719	0.35619027	0.07789400	0.18809929	0.31318576	0.14649018	0.25095093	0.23724580	0.26993328	0.40208738	0.17153773	0.25914053	0.36790283	0.47996093	0.48314171	1.00000000	0.55379202	0.47768345	0.50572499	0.21461895	0.22869827	0.31144619
RH_Default_PFCv_2	0.03340632	0.22610497	0.15613175	0.21389909	0.15663983	0.06758837	0.14515321	0.15588279	0.09072287	0.33629369	0.19372552	0.18104515	0.03558972	0.15058214	0.23292206	0.23739697	0.08849306	0.08665557	0.10073133	0.10852699	0.10676051	0.21414765	0.14585249	0.26699379	0.33519987	0.39740164	0.27573887	0.34676137	0.17690004	0.31409559	0.22234914	0.17058079	0.13288963	0.13151354	0.17266960	0.03217279	0.07161331	0.23076764	0.26051404	0.25371226	0.10844208	0.47649525	0.48174153	0.11087904	0.19207834	0.23317940	0.13530713	0.03422550	-0.01809372	0.02942950	0.09974561	0.21709880	0.22816249	0.23038568	0.10878339	0.09974672	0.16496362	0.11500106	0.37296657	0.15949150	0.21020486	0.05642207	0.15493878	0.19754314	0.12358918	0.20136697	0.22411954	0.11193428	0.18736103	0.10019118	0.13089990	0.34990955	0.19535902	0.46171237	0.27234383	0.43272255	0.20554213	0.36850607	0.33208127	0.24943998	0.28311798	0.08644894	0.34123320	0.31028780	0.41289560	0.38872033	0.09657247	0.38230681	0.09520664	0.28271901	0.21234933	0.35306106	0.51547835	0.55379200	1.00000000	0.17291190	0.35524314	0.14355422	0.00385183	0.06433096
RH_Default_PFCdPFCm_1	0.35344099	0.30168373	0.21049173	0.26543011	0.27479292	0.20940189	0.22778012	0.22807579	0.20440862	0.14096802	0.15014761	0.06601835	0.06617600	0.24578330	0.33756167	0.19617771	-0.16390757	-0.00112073	-0.00370713	0.17851009	0.02800032	-0.14449388	0.03663520	-0.13860523	0.08504978	-0.16627312	0.07674874	0.20845166	0.30452958	0.06789948	0.47778300	0.44486131	0.33199395	-0.00422836	-0.09971659	0.24993035	0.41498998	0.58093359	0.37418533	0.20190004	0.48430880	0.37358101	0.21250157	0.76667163	0.39588489	0.60397027	0.19438097	0.39570543	0.48075224	0.62171903	0.29140133	0.21533615	0.18911573	0.13353751	0.20982531	0.21133009	0.13322871	0.18278254	0.18636503	0.12546028	0.02106879	0.03991023	0.06058161	0.23177514	0.06040699	0.26819601	0.32923498	0.00324356	-0.00487298	0.09100904	0.09088187	-0.08803931	-0.01405723	0.25983694	-0.10873020	-0.11328498	0.23246413	-0.07175035	0.38755723	0.41389813	-0.10749734	0.50011637	0.36665447	0.05942806	0.12460322	0.24528411	0.46633338	0.38205146	0.34249794	0.42272407	0.54963785	0.43298095	0.42899061	0.47768345	0.17291190	1.00000000	0.65542388	0.46236622	0.47791289	0.65668700
RH_Default_PFCdPFCm_2	0.17451099	0.24958519	0.07425111	0.19946976	0.22095861	0.09893526	0.23703947	0.12792373	0.05106254	0.21989638	0.19687576	0.17087806	0.11678927	0.22503231	0.34905680	0.17445952	-0.06875490	-0.04088334	0.03801972	0.25874959	0.07042519	-0.01292606	0.11266627	0.03230310	0.09714918	-0.07647468	0.30882726	0.23808112	0.26825342	0.17872039	0.30857066	0.33277795	0.35674931	0.08743650	0.04948568	0.11800146	0.32764661	0.53376225	0.44998774	0.29817290	0.52253962	0.39169139	0.33463062	0.52203485	0.42092715	0.67787373	0.36239422	0.39642346	0.33172326	0.49640548	0.17422331	0.13016452	0.18729298	0.10748284	0.08026630	0.12011326	0.02779307	0.02459775	0.20827609	0.19572192	0.06377784	0.10065247	0.10830342	0.21056251	0.07288839	0.29513905	0.32163888	0.01620445	0.06711744	0.02501398	0.09669680	-0.00275224	0.05670138	0.39736151	-0.02428827	-0.05895000	0.17035870	0.05037740	0.33014152	0.38975722	0.08061397	0.52045037	0.51296069	0.15207778	0.34885171	0.45037571	0.37403493	0.45476835	0.24427026	0.54361647	0.54997743	0.42769504	0.56222350	0.50572501	0.35524315	0.65542387	1.00000000	0.56645290	0.33777143	0.53614166
RH_Default_PFCdPFCm_3	0.29696587	0.21818552	0.07376418	0.14701744	0.21068136	0.12407321	0.16688956	0.10948239	0.08714900	0.12199490	0.04419793	0.05077599	0.08597841	0.13777797	0.22346443	0.20899167	-0.01275369	0.15468533	0.08043058	0.43266769	0.07799095	0.12005803	0.24813169	0.01651093	-0.00087361	-0.11417770	0.28012965	0.19031961	0.29308787	0.10189050	0.24233412	0.18586812	0.39487235	0.27851496	0.20103494	0.20105976	0.30625696	0.31016655	0.21094212	0.19116602	0.48176717	0.11252103	0.11118441	0.27200183	0.38238064	0.37364687	0.31059117	0.56498701	0.42516006	0.44564709	0.29815834	0.14797991	0.22083026	0.09413308	0.09331302	0.15565569	0.05250114	0.06105391	0.06434737	0.02649258	-0.07099446	0.02898457	0.02863421	0.11163279	0.04442866	0.18633806	0.39259705	0.08753316	0.33216782	0.34350757	0.24886449	0.10730422	0.24973892	0.24335764	-0.06406160	-0.14739551	0.24454015	0.05034759	0.26730377	0.28751790	0.15738366	0.67556899	0.54386743	0.28676287	0.37025931	0.53236194	0.39856480	0.35768344	0.40064986	0.52705539	0.55948766	0.29989530	0.29203309	0.21461895	0.14355422	0.46236623	0.56645291	1.00000000	0.47002520	0.55140240
RH_Default_pCunPCC_1	0.56453385	0.33894294	0.36512429	0.23434796	0.37676051	0.42852865	0.34069910	0.34499206	0.42913732	0.16902748	0.12395979	0.14658021	0.20786472	0.20769361	0.21377156	0.21789232	-0.10574143	0.19973980	-0.02291214	0.47066424	0.08806648	0.02181187	0.14017946	0.03782370	0.04098546	-0.07285873	0.08727092	0.16089190	0.47331413	0.11353340	0.23351540	0.28166896	0.26389904	0.15010783	0.06272597	0.52463341	0.38567643	0.35140680	0.18951432	0.24142368	0.40538137	0.13521077	-0.03612493	0.39451281	0.19530157	0.27296045	0.13867064	0.37390301	0.83193812	0.60404949	0.52402497	0.32104091	0.15081979	0.14572546	0.37215434	0.49746231	0.21976097	0.34512238	0.15762238	0.14545362	0.04935410	0.16214985	0.13135026	0.14831183	0.06652823	0.17981234	0.49599696	-0.04452491	0.02795812	0.27494747	0.27295992	-0.01446994	0.12021811	0.26934888	-0.02955379	-0.04744336	0.36283642	0.07326571	0.15801577	0.28157632	-0.09860933	0.46665042	0.19043381	0.11013461	0.10122075	0.21924644	0.46812391	0.18992185	0.62943162	0.37783353	0.36377537	0.36059493	0.22350521	0.22869828	0.00385183	0.47791288	0.33777142	0.47002520	1.00000000	0.68683906
RH_Default_pCunPCC_2	0.41532593	0.28879005	0.18827475	0.20002538	0.28058382	0.21637151	0.22801215	0.20215125	0.27788102	0.08351393	0.08240681	0.01965151	0.05949560	0.16340493	0.23072669	0.13027352	-0.22714127	0.08181357	-0.06058630	0.42741511	-0.00004057	-0.14110540	0.06033648	-0.10135334	-0.04781757	-0.21689220	0.08763652	0.10864695	0.39272337	0.03693817	0.33845120	0.33787954	0.31356416	0.14204092	-0.01880059	0.51071018	0.51991852	0.51692892	0.34014694	0.25394092	0.57602290	0.26173261	0.05963741	0.57130434	0.33689008	0.45703484	0.24128554	0.46029055	0.66738091	0.82856403	0.34811328	0.18682250	0.10792255	0.10815889	0.18073269	0.24455811	0.06769757	0.18426279	0.12135790	0.05029537	-0.06333935	-0.00047174	0.04076765	0.12948597	0.04127075	0.19517528	0.39329074	-0.08247867	0.02779360	0.18896783	0.15425603	-0.16843769	0.02338772	0.26975171	-0.16260662	-0.17460399	0.29256843	-0.04486440	0.26298964	0.37300921	-0.10307601	0.60286526	0.30141179	0.04287684	0.10627324	0.28717435	0.58043734	0.23769570	0.63256563	0.53732331	0.52354920	0.42812789	0.38047327	0.31144619	0.06433096	0.65668702	0.53614166	0.55140240	0.68683907	1.00000000
